date,discount_cat_1,discount_cat_2,discount_cat_3,discount_cat_4,discount_cat_5,discount_cat_6,discount_cat_7,discount_cat_8,discount_cat_9,discount_cat_10,discount_cat_11,discount_cat_12,discount_cat_13,discount_cat_14,discount_cat_15
2024-01-01,0.0,0.1422,0.2244,0.0,0.0,0.0,0.0,0.0,0.1386,0.0,0.0,0.0,0.0,0.0,0.0
2024-01-02,0.0,0.0,0.0,0.0,0.0,0.0,0.0,0.0,0.0,0.0,0.0,0.0,0.0,0.0,0.0
2024-01-03,0.0,0.0,0.0,0.0,0.0,0.0,0.0,0.0,0.0,0.0,0.0,0.0,0.0,0.0,0.0
2024-01-04,0.202,0.0,0.0,0.0,0.0,0.0,0.2631,0.0,0.0,0.0,0.0,0.0,0.0,0.0873,0.0
2024-01-05,0.0,0.0,0.0,0.0,0.0,0.1112,0.0,0.0,0.0,0.0,0.0,0.3075,0.0,0.0,0.0
2024-01-06,0.0,0.0,0.0,0.0,0.0,0.0,0.1016,0.0,0.0,0.0,0.2838,0.0,0.0,0.0,0.0
2024-01-07,0.4362,0.1545,0.0,0.2118,0.0,0.0,0.0,0.0,0.0,0.0,0.0,0.0,0.0,0.0,0.0746
2024-01-08,0.0,0.0,0.0,0.0,0.0,0.0,0.0,0.0,0.0,0.0,0.0,0.0,0.0,0.0,0.0
2024-01-09,0.0,0.0,0.0,0.0,0.0,0.0,0.0,0.0,0.0,0.0,0.0,0.0,0.0,0.0,0.0
2024-01-10,0.0,0.0,0.0,0.0,0.0,0.0,0.0,0.0,0.0,0.0,0.0,0.0,0.0,0.0,0.0
2024-01-11,0.0,0.0,0.0,0.0,0.0,0.0,0.0,0.0,0.0,0.0,0.0,0.0,0.0,0.0,0.0
2024-01-12,0.0,0.0,0.0,0.0,0.0,0.0,0.0,0.0,0.1685,0.0,0.0,0.0,0.0,0.0,0.0
2024-01-13,0.0,0.0,0.0,0.0,0.0,0.0,0.0,0.0,0.1273,0.0,0.0,0.0,0.0,0.0,0.0
2024-01-14,0.0,0.0,0.0,0.0,0.0,0.0,0.0,0.0,0.0,0.0,0.0,0.0,0.0,0.0,0.0
2024-01-15,0.0,0.0,0.0,0.0,0.0,0.55,0.2876,0.0,0.0,0.0,0.0,0.0,0.0,0.0,0.0
2024-01-16,0.0,0.0,0.0,0.0,0.0,0.0,0.0,0.0,0.0,0.0,0.0,0.0,0.0,0.0,0.0
2024-01-17,0.0,0.0,0.0,0.0,0.0,0.0,0.0,0.0,0.0,0.2225,0.0,0.0,0.0,0.0,0.0
2024-01-18,0.0,0.0,0.0,0.0,0.0,0.0,0.0,0.0,0.0206,0.0,0.0,0.3549,0.0,0.0,0.0
2024-01-19,0.0,0.0,0.0,0.0,0.2984,0.0,0.0,0.0,0.0,0.0,0.0,0.0,0.0,0.0,0.0
2024-01-20,0.0,0.0813,0.0,0.3118,0.0,0.0,0.0,0.0,0.0,0.0,0.0989,0.0,0.0,0.0,0.0
2024-01-21,0.0,0.0,0.0,0.0,0.0,0.0,0.0,0.0,0.0,0.0,0.0,0.0,0.0,0.0,0.0
2024-01-22,0.0908,0.0,0.0,0.0,0.0,0.0,0.0,0.0,0.0,0.0,0.0,0.0,0.0,0.0,0.0
2024-01-23,0.0,0.0,0.0,0.0,0.0,0.0,0.0,0.0,0.3839,0.0,0.0,0.0,0.0557,0.0,0.0
2024-01-24,0.0,0.0,0.0,0.0,0.0,0.0,0.0,0.0,0.0,0.0,0.0,0.0,0.0,0.0,0.0
2024-01-25,0.0,0.0,0.2021,0.0,0.0,0.0,0.0,0.0,0.0,0.0,0.0,0.0,0.0,0.0,0.0
2024-01-26,0.0,0.0,0.4104,0.0,0.0,0.0531,0.0,0.0,0.0,0.0,0.0,0.0,0.0,0.0,0.0
2024-01-27,0.0,0.257,0.0,0.0,0.0571,0.0,0.0,0.0,0.0,0.0,0.2663,0.0,0.0,0.0,0.0
2024-01-28,0.0,0.0,0.0,0.1695,0.1274,0.0,0.0,0.099,0.0,0.0,0.0,0.0,0.0,0.0,0.0
2024-01-29,0.0,0.0,0.0,0.0,0.0,0.0,0.0,0.0,0.0,0.0,0.0,0.0,0.0,0.0,0.0
2024-01-30,0.0,0.0,0.0,0.0,0.102,0.0,0.0,0.0,0.0,0.0,0.0,0.0,0.0,0.0,0.0
2024-01-31,0.0,0.0,0.0,0.0,0.0,0.0,0.0,0.0,0.0,0.0,0.0,0.0,0.0,0.222,0.0
2024-02-01,0.0,0.0,0.0,0.0,0.0,0.0,0.0,0.0,0.0,0.0,0.0,0.0,0.0,0.1365,0.0
2024-02-02,0.0,0.1288,0.0,0.0,0.0,0.0,0.0,0.0,0.0,0.0,0.0,0.0,0.0,0.0,0.0
2024-02-03,0.0,0.0,0.0,0.0,0.0,0.0,0.437,0.0,0.0,0.0,0.0,0.0,0.0,0.0,0.0
2024-02-04,0.0,0.2579,0.0,0.0,0.0,0.0,0.0,0.0,0.0,0.0,0.0,0.0,0.0,0.0,0.0
2024-02-05,0.0,0.0,0.0,0.0,0.2718,0.0,0.0,0.1651,0.0,0.0,0.0,0.0,0.0,0.0,0.0
2024-02-06,0.0,0.0,0.0,0.0,0.0,0.0,0.0,0.0,0.0,0.0,0.0,0.0,0.0,0.0,0.0
2024-02-07,0.0,0.0,0.0,0.0,0.0,0.0,0.0,0.0,0.0,0.0,0.0,0.0,0.0,0.0,0.0
2024-02-08,0.0,0.0,0.0,0.2197,0.0,0.0,0.0,0.0,0.0,0.0,0.0,0.0,0.3957,0.0,0.0
2024-02-09,0.0,0.0,0.0,0.0,0.0,0.0,0.0,0.0,0.0,0.0,0.0,0.0,0.0,0.0,0.0
2024-02-10,0.0,0.0,0.0,0.0,0.1166,0.0,0.0,0.0,0.0,0.0,0.0,0.0,0.0,0.1358,0.0
2024-02-11,0.0,0.2239,0.0,0.0,0.0,0.0,0.0,0.2286,0.0,0.0,0.0,0.0,0.0377,0.0,0.0
2024-02-12,0.0,0.0,0.0,0.0,0.0,0.0,0.0,0.0,0.0,0.0,0.0,0.0,0.0,0.0,0.0
2024-02-13,0.0,0.0,0.0,0.0,0.0,0.0,0.0,0.0,0.0,0.0,0.0,0.0,0.0,0.0,0.0
2024-02-14,0.0,0.0,0.0,0.0,0.0,0.0,0.0,0.0,0.0,0.4815,0.0,0.0,0.0,0.0,0.0
2024-02-15,0.0,0.0,0.0,0.0,0.0,0.0,0.0,0.0,0.0,0.0,0.0,0.0,0.0,0.0,0.0
2024-02-16,0.0,0.2902,0.0,0.0,0.0,0.0,0.0,0.0,0.0,0.0,0.0,0.0,0.0,0.0,0.0
2024-02-17,0.148,0.0,0.0,0.0,0.1531,0.0998,0.0,0.0,0.0,0.0,0.2813,0.0,0.0,0.0,0.0
2024-02-18,0.0,0.0,0.0,0.078,0.0,0.0,0.0,0.0,0.0,0.0,0.0,0.0,0.0,0.0,0.0
2024-02-19,0.0,0.0,0.0,0.0,0.0,0.0,0.0,0.0,0.0,0.0,0.0,0.0,0.0,0.0,0.0
2024-02-20,0.0,0.0,0.0,0.0,0.0,0.0,0.3269,0.0,0.0,0.0,0.0,0.0,0.0,0.0,0.0
2024-02-21,0.0,0.0197,0.0,0.0,0.0,0.0,0.0,0.0,0.0,0.0,0.0,0.0,0.0,0.0,0.0
2024-02-22,0.0,0.0,0.0,0.0,0.0,0.0,0.0,0.0,0.0,0.0,0.0,0.0,0.0,0.0,0.0
2024-02-23,0.0,0.0,0.0,0.0,0.0,0.0,0.0,0.0,0.0,0.0,0.0,0.0,0.0,0.0,0.0
2024-02-24,0.0,0.0,0.0,0.0,0.0,0.0,0.0,0.0,0.1209,0.0,0.0,0.0,0.0,0.0,0.0
2024-02-25,0.0,0.0,0.0,0.0,0.0,0.0,0.0,0.0,0.0,0.0,0.1667,0.0,0.0,0.0,0.0
2024-02-26,0.0,0.0,0.0,0.0,0.0,0.238,0.0,0.0,0.0,0.0,0.0,0.0,0.0,0.0,0.0
2024-02-27,0.0,0.0,0.4164,0.0,0.0,0.0,0.0,0.0,0.2911,0.0,0.0,0.0,0.0,0.2034,0.0
2024-02-28,0.0,0.0,0.0,0.0,0.0,0.0,0.0,0.0,0.0,0.0,0.0,0.1711,0.0,0.0,0.0
2024-02-29,0.0,0.0,0.0,0.0,0.0,0.0,0.0,0.0,0.0,0.0,0.0,0.0,0.0,0.0,0.0
2024-03-01,0.0,0.0,0.1591,0.0,0.0,0.0,0.0,0.0,0.0,0.0,0.0,0.0,0.0,0.0,0.0
2024-03-02,0.0,0.0,0.0,0.0,0.0,0.0478,0.0,0.0,0.0,0.0,0.0,0.0,0.0,0.0,0.0
2024-03-03,0.1603,0.0,0.0,0.0,0.0,0.0,0.1108,0.0,0.0,0.0,0.0,0.0,0.0,0.0,0.0
2024-03-04,0.0,0.0,0.0,0.0,0.0,0.0,0.0,0.0,0.0,0.0,0.0,0.0,0.0,0.0,0.0
2024-03-05,0.0,0.0,0.0,0.0,0.0,0.0,0.0,0.0,0.0,0.0,0.0,0.0,0.0,0.0,0.0
2024-03-06,0.0,0.0,0.0,0.0,0.0,0.0,0.0,0.0,0.0881,0.0,0.0,0.0,0.0,0.0,0.0
2024-03-07,0.0,0.0,0.0,0.0,0.0,0.0,0.0,0.3036,0.0,0.0,0.0,0.0,0.0,0.1259,0.0
2024-03-08,0.0,0.0,0.0,0.0,0.0,0.0,0.0,0.0,0.0,0.0,0.0,0.0,0.0,0.0,0.0
2024-03-09,0.0,0.0,0.1755,0.1452,0.0,0.0,0.0,0.0,0.0,0.0,0.0,0.0,0.0,0.0,0.0
2024-03-10,0.0,0.0,0.0,0.0,0.0,0.0,0.12,0.0,0.0,0.1298,0.0,0.0,0.0,0.0,0.0
2024-03-11,0.0,0.0,0.3073,0.0,0.0,0.0,0.0,0.0,0.0,0.0,0.0,0.0,0.0,0.0,0.0
2024-03-12,0.0,0.0,0.0,0.0,0.0,0.0,0.0,0.0,0.0,0.0,0.0,0.0,0.0,0.0,0.0
2024-03-13,0.0,0.0,0.0,0.0,0.0,0.0,0.0,0.0,0.0,0.0,0.2175,0.0,0.0,0.0,0.0
2024-03-14,0.0,0.0,0.0,0.0,0.0,0.0,0.0,0.0,0.0,0.0,0.0,0.0,0.0,0.0,0.0
2024-03-15,0.1891,0.0,0.0,0.0,0.0,0.3695,0.0,0.0,0.0,0.0,0.0,0.0,0.0,0.0,0.0
2024-03-16,0.0,0.0,0.0,0.0,0.0,0.0,0.0,0.0,0.0,0.11,0.0,0.0,0.0,0.0,0.0
2024-03-17,0.0,0.0,0.0,0.0,0.0,0.0,0.0,0.0,0.0,0.0,0.0,0.0,0.0,0.0,0.0
2024-03-18,0.0,0.0,0.0,0.0,0.0,0.0,0.0,0.0,0.0,0.0,0.0,0.0,0.1309,0.0,0.1508
2024-03-19,0.0,0.0,0.4428,0.0,0.0,0.0,0.0,0.2367,0.0,0.0,0.0,0.0,0.0,0.0,0.0
2024-03-20,0.0,0.0,0.0,0.0,0.0,0.0,0.0,0.0,0.0,0.1031,0.0,0.0,0.0,0.0,0.1094
2024-03-21,0.0,0.0,0.0,0.0,0.0,0.0,0.0,0.2321,0.0,0.0,0.0,0.0,0.4112,0.0,0.0
2024-03-22,0.0,0.0,0.0,0.0,0.0,0.0,0.0,0.0,0.0,0.0,0.0,0.0,0.0,0.0,0.0
2024-03-23,0.0,0.0,0.1908,0.0,0.0,0.0,0.0,0.0,0.0,0.0,0.0,0.0,0.0408,0.2256,0.1886
2024-03-24,0.0,0.0,0.0,0.0,0.0,0.0,0.0,0.0,0.0,0.0,0.0,0.0,0.2665,0.0,0.0
2024-03-25,0.0,0.0,0.0,0.0,0.0,0.0,0.0,0.0,0.0,0.0,0.0,0.0,0.0,0.0,0.0
2024-03-26,0.0,0.2581,0.0,0.0,0.0,0.0,0.0,0.0,0.0,0.0,0.0,0.0,0.0,0.0,0.5459
2024-03-27,0.0673,0.0,0.0,0.0,0.0,0.0,0.0,0.0,0.0,0.0,0.0,0.0,0.3402,0.0,0.0
2024-03-28,0.1742,0.0,0.0,0.0,0.0,0.0,0.0,0.0,0.0,0.0,0.0,0.0,0.0677,0.0,0.0
2024-03-29,0.0,0.0,0.0,0.0,0.0,0.0,0.0,0.0,0.2768,0.0,0.2744,0.0,0.2015,0.0,0.0
2024-03-30,0.0,0.0,0.0,0.0,0.3042,0.0,0.0,0.0,0.0,0.0,0.0,0.0,0.0,0.3098,0.0
2024-03-31,0.0,0.0,0.0,0.0,0.0,0.0,0.0,0.0,0.0,0.0,0.0,0.0,0.0,0.0,0.0
2024-04-01,0.0,0.0,0.0,0.0,0.0,0.0,0.0,0.0,0.0,0.0,0.0,0.0,0.0,0.0,0.0
2024-04-02,0.1221,0.0,0.0,0.0,0.0,0.0,0.0,0.0,0.0,0.0,0.0,0.0,0.0,0.0,0.0
2024-04-03,0.0,0.0,0.0,0.0,0.0,0.0,0.0,0.0,0.0,0.0,0.0,0.0,0.0,0.0,0.0
2024-04-04,0.0,0.0,0.0,0.0,0.0,0.0,0.0,0.0,0.0,0.0,0.0,0.0,0.0,0.0,0.0
2024-04-05,0.0,0.0,0.0,0.0,0.0,0.0,0.0,0.0532,0.0,0.0,0.0629,0.0,0.0,0.0,0.0
2024-04-06,0.0,0.0,0.0,0.0,0.0,0.0,0.0,0.0,0.0,0.0,0.0,0.0,0.0,0.0566,0.0
2024-04-07,0.0,0.0,0.2284,0.0632,0.0,0.0,0.0,0.0659,0.05,0.0,0.0,0.0,0.1124,0.0,0.0
2024-04-08,0.0,0.0,0.0,0.0,0.3108,0.1505,0.0493,0.0,0.0,0.0,0.0,0.0,0.0,0.0,0.0
2024-04-09,0.0,0.0,0.0,0.0,0.0,0.0,0.0,0.0,0.0,0.0,0.0,0.0,0.0,0.0,0.0
2024-04-10,0.2238,0.0,0.0,0.0,0.0,0.0,0.0,0.0,0.0,0.0,0.0,0.0,0.0,0.0,0.0
2024-04-11,0.0,0.0,0.0,0.0,0.2078,0.4852,0.0,0.0,0.0,0.0,0.0,0.1837,0.0,0.0,0.0
2024-04-12,0.0,0.0,0.0,0.0,0.0,0.0,0.0,0.0,0.0,0.0,0.0,0.1593,0.0,0.0,0.0
2024-04-13,0.0,0.101,0.0,0.0,0.0,0.0,0.0,0.0,0.0,0.1133,0.0,0.0,0.0,0.0,0.0
2024-04-14,0.0,0.0,0.0,0.1,0.0,0.0805,0.2954,0.0,0.0,0.0,0.0,0.0,0.3357,0.0,0.0
2024-04-15,0.0482,0.0,0.0,0.0,0.0,0.0,0.0,0.0,0.1281,0.0,0.0,0.0,0.0,0.0,0.0
2024-04-16,0.0,0.0,0.0,0.0,0.0,0.0,0.0,0.0,0.0,0.0,0.0,0.0,0.0,0.0,0.0
2024-04-17,0.0,0.0,0.0,0.1122,0.0,0.0,0.0,0.0,0.0,0.0,0.0,0.0,0.0,0.0,0.0
2024-04-18,0.0,0.0,0.0,0.0,0.0,0.2815,0.0,0.0,0.0,0.0,0.0,0.0,0.0,0.0,0.0
2024-04-19,0.0,0.0,0.0,0.0,0.1636,0.0,0.0,0.0,0.0,0.0,0.0,0.0,0.0,0.0,0.0
2024-04-20,0.0,0.0,0.0,0.0,0.0,0.0,0.193,0.0,0.0,0.0,0.0,0.0,0.0,0.0,0.0
2024-04-21,0.0,0.0,0.0,0.0,0.0,0.0,0.0,0.0,0.0472,0.0,0.0,0.0,0.0,0.0,0.0
2024-04-22,0.0,0.0,0.0,0.0,0.0,0.173,0.0,0.0,0.0,0.0,0.0,0.0,0.0,0.0,0.0
2024-04-23,0.0,0.0,0.0,0.0,0.0,0.0,0.0,0.0,0.0,0.0,0.0,0.0,0.0,0.0,0.0
2024-04-24,0.0,0.0,0.0,0.0,0.0,0.0,0.0,0.0,0.3446,0.0,0.0,0.0,0.0,0.0,0.0
2024-04-25,0.0,0.0,0.0,0.0,0.0,0.0,0.0,0.0,0.0,0.0,0.0,0.0,0.0,0.0,0.0
2024-04-26,0.0,0.0,0.0,0.0,0.0,0.0,0.0,0.0,0.0,0.0,0.0,0.0,0.0,0.1862,0.0
2024-04-27,0.0,0.0,0.0,0.0,0.0,0.0,0.0,0.0,0.0,0.0,0.0,0.0,0.2154,0.0,0.0
2024-04-28,0.0,0.3925,0.0,0.0,0.0,0.0,0.0,0.0,0.0713,0.0,0.0,0.0,0.0,0.0,0.0
2024-04-29,0.0,0.0,0.0142,0.0,0.0,0.0,0.0309,0.0,0.0,0.0,0.0,0.068,0.0,0.0,0.0
2024-04-30,0.0,0.0,0.0,0.0,0.1694,0.1318,0.0,0.2363,0.0,0.0,0.0,0.0,0.0,0.0,0.0
2024-05-01,0.0,0.0,0.0,0.0,0.0,0.0,0.0,0.0,0.0,0.0,0.0,0.0,0.0,0.0,0.0
2024-05-02,0.3819,0.0,0.1635,0.3819,0.3819,0.347,0.3819,0.3819,0.2839,0.0,0.3819,0.3819,0.0473,0.3819,0.3819
2024-05-03,0.3819,0.0,0.0,0.3819,0.3819,0.0,0.3819,0.3819,0.0,0.0,0.3819,0.3819,0.0,0.3819,0.3819
2024-05-04,0.3819,0.0,0.0,0.3819,0.3819,0.0,0.3868,0.3819,0.0,0.0,0.3819,0.3819,0.0,0.3819,0.3819
2024-05-05,0.3819,0.2558,0.0,0.3819,0.3819,0.0,0.3819,0.3819,0.0,0.0,0.3819,0.3819,0.0,0.3819,0.3819
2024-05-06,0.0,0.0,0.0,0.0,0.0,0.0,0.0,0.0,0.0,0.0,0.0,0.0,0.0,0.0,0.0
2024-05-07,0.0,0.0,0.0,0.0,0.0,0.0,0.0,0.0,0.0,0.0,0.0,0.0,0.0,0.0,0.3719
2024-05-08,0.1933,0.0,0.0,0.0,0.0,0.0,0.0,0.0,0.1539,0.0,0.0,0.0,0.0,0.0,0.0
2024-05-09,0.0,0.0,0.0,0.1095,0.0,0.0,0.0,0.0,0.1113,0.2162,0.0,0.1129,0.0,0.0,0.0
2024-05-10,0.0,0.1219,0.0,0.0,0.0,0.0,0.0,0.0,0.0,0.4023,0.0,0.0,0.0,0.0,0.0
2024-05-11,0.0,0.0,0.0,0.0,0.0,0.0,0.0,0.1493,0.0,0.0,0.0,0.1929,0.0,0.0647,0.0
2024-05-12,0.0,0.0,0.0,0.0,0.0,0.0,0.0,0.0,0.0,0.0,0.0,0.0,0.0,0.0,0.0
2024-05-13,0.0,0.0,0.3947,0.0,0.0,0.0,0.0,0.0,0.0,0.0,0.0,0.0,0.0,0.0,0.1735
2024-05-14,0.0,0.0,0.0,0.0,0.0,0.0,0.0,0.0,0.0,0.0,0.0,0.0,0.0,0.0,0.0
2024-05-15,0.0,0.0,0.2463,0.0,0.0,0.0,0.0,0.3155,0.0,0.0,0.0,0.0,0.0,0.2105,0.0
2024-05-16,0.0,0.0,0.0,0.0,0.0,0.0,0.1726,0.0,0.0,0.0,0.0,0.55,0.0,0.0,0.0
2024-05-17,0.0,0.0,0.0,0.0,0.0519,0.0,0.0,0.0,0.0,0.0,0.0,0.0,0.0,0.0,0.0
2024-05-18,0.2235,0.0,0.2235,0.2235,0.2235,0.0,0.0,0.0,0.3379,0.2235,0.0,0.2218,0.2235,0.2235,0.0
2024-05-19,0.2235,0.0,0.2235,0.2235,0.2235,0.0,0.281,0.0,0.2235,0.2235,0.0,0.0,0.2235,0.2235,0.0
2024-05-20,0.2235,0.0,0.2235,0.2235,0.2235,0.0,0.0,0.0,0.2235,0.2235,0.0,0.0,0.2235,0.2235,0.0
2024-05-21,0.2235,0.0,0.2235,0.2235,0.2235,0.0,0.0,0.0,0.2235,0.2235,0.0,0.0,0.2235,0.2235,0.0
2024-05-22,0.2235,0.0,0.2235,0.2235,0.2235,0.0,0.0,0.0,0.2235,0.2235,0.0,0.0,0.2235,0.2235,0.0
2024-05-23,0.2235,0.0,0.3078,0.2235,0.2235,0.0,0.0,0.0,0.2235,0.2235,0.0,0.0,0.2235,0.2235,0.0
2024-05-24,0.2235,0.0,0.2235,0.2869,0.2235,0.0,0.0,0.0,0.2235,0.2235,0.0,0.0,0.2235,0.2235,0.0
2024-05-25,0.0,0.0,0.3519,0.0,0.0,0.0,0.0,0.0,0.0,0.0,0.0,0.0,0.0,0.0,0.0
2024-05-26,0.2495,0.0,0.0,0.1381,0.1381,0.0,0.0,0.1381,0.1381,0.0,0.1134,0.0,0.1381,0.1381,0.0
2024-05-27,0.0,0.0,0.0,0.1635,0.1381,0.0,0.0,0.1381,0.1381,0.0,0.0,0.0,0.1381,0.1381,0.0
2024-05-28,0.0,0.0,0.0,0.1381,0.1381,0.0,0.0,0.1381,0.1381,0.3951,0.0,0.0,0.1381,0.1381,0.0
2024-05-29,0.0,0.0,0.0,0.1381,0.1381,0.2234,0.0,0.1381,0.1381,0.0,0.0,0.0,0.1381,0.1486,0.0
2024-05-30,0.0,0.0,0.0,0.0,0.0,0.0,0.0,0.0422,0.2868,0.0,0.0,0.0,0.0,0.0,0.0
2024-05-31,0.0,0.0,0.0,0.0,0.0,0.0,0.0,0.0,0.0,0.0,0.0,0.0,0.0,0.0,0.0
2024-06-01,0.0,0.0638,0.0,0.0,0.0,0.0,0.0,0.0,0.0,0.0,0.0,0.0,0.0,0.0,0.1047
2024-06-02,0.0,0.0,0.0,0.0,0.0,0.0,0.0,0.0,0.0,0.0,0.0,0.0,0.0,0.0,0.0
2024-06-03,0.0,0.0,0.0,0.0,0.0,0.0,0.0,0.0,0.0,0.0,0.0,0.0,0.0,0.0,0.0
2024-06-04,0.0,0.0,0.0,0.0,0.0,0.0,0.0,0.0,0.0,0.0,0.0,0.0,0.0,0.3758,0.0
2024-06-05,0.0,0.2388,0.0,0.0,0.55,0.0,0.0,0.0,0.0,0.0,0.0,0.0,0.0,0.0,0.0
2024-06-06,0.0,0.0,0.0,0.0,0.0,0.0,0.0,0.0,0.3301,0.0,0.0,0.0,0.0,0.0,0.0
2024-06-07,0.0,0.0,0.0,0.0,0.0,0.0,0.0,0.0,0.1894,0.0,0.0,0.0,0.0,0.0,0.0
2024-06-08,0.0,0.028,0.0,0.1876,0.0,0.0,0.0,0.0,0.0,0.0,0.0,0.0,0.0,0.0,0.0
2024-06-09,0.0,0.0,0.0,0.0,0.0,0.0,0.0,0.0,0.0,0.0,0.4336,0.0,0.0,0.0,0.0
2024-06-10,0.0,0.0,0.0,0.0,0.0,0.0,0.0,0.0,0.0,0.0,0.0,0.0,0.0,0.0,0.0
2024-06-11,0.0,0.0,0.0,0.0,0.0,0.0,0.0,0.0,0.0,0.0,0.0,0.0,0.0,0.0,0.0
2024-06-12,0.0,0.0,0.0,0.0518,0.0,0.0,0.0,0.0,0.0,0.0,0.0,0.0,0.0,0.0,0.0
2024-06-13,0.0,0.0,0.0,0.0,0.0,0.0,0.0,0.0,0.0,0.0,0.0,0.0,0.0,0.0,0.0
2024-06-14,0.0,0.0,0.0,0.0,0.0,0.0,0.0,0.0,0.0,0.0,0.0,0.0,0.0,0.0,0.0
2024-06-15,0.2238,0.0,0.0,0.0,0.0,0.0,0.0,0.0,0.0,0.0,0.0,0.0,0.0,0.0,0.1118
2024-06-16,0.0,0.4216,0.0,0.0,0.2376,0.0,0.0,0.0,0.2606,0.0,0.0,0.0,0.0,0.276,0.0
2024-06-17,0.0,0.0,0.0,0.0,0.0,0.0,0.0,0.0,0.0,0.0,0.0,0.0,0.2326,0.0,0.0
2024-06-18,0.0,0.0,0.0,0.0,0.0,0.0,0.0,0.0,0.0,0.0,0.0,0.0,0.0,0.0,0.0
2024-06-19,0.0,0.0,0.0,0.0,0.0,0.0,0.0,0.0,0.0,0.0,0.0,0.0,0.0,0.0,0.0
2024-06-20,0.0,0.0,0.0,0.0,0.0,0.0,0.0,0.0,0.0,0.0,0.0,0.0,0.0,0.0,0.0
2024-06-21,0.0,0.0,0.0,0.0,0.0,0.0,0.0,0.0,0.0,0.0,0.0,0.0,0.0,0.0,0.0
2024-06-22,0.2348,0.0,0.0,0.0,0.0,0.0,0.0,0.0,0.0,0.0,0.0,0.0,0.0,0.321,0.0
2024-06-23,0.0,0.0,0.0,0.0,0.0,0.0,0.0,0.0,0.0,0.0,0.0,0.0,0.0,0.0497,0.0
2024-06-24,0.0,0.1122,0.0,0.0,0.0,0.0,0.0,0.0,0.0,0.0,0.0,0.0,0.0,0.0,0.0
2024-06-25,0.0,0.0,0.0,0.0,0.0,0.0,0.0,0.0,0.0,0.0,0.0,0.0,0.0,0.0,0.0
2024-06-26,0.0,0.0,0.0,0.0,0.0,0.0,0.0714,0.0,0.0,0.0,0.0,0.1325,0.0,0.2241,0.0
2024-06-27,0.0,0.0,0.0,0.0,0.0,0.0,0.0,0.0,0.0,0.0,0.0,0.0,0.0,0.0,0.0
2024-06-28,0.0,0.0,0.0,0.0,0.2294,0.0,0.0,0.0,0.0,0.2069,0.0,0.0,0.0,0.0,0.0
2024-06-29,0.1111,0.0,0.0,0.0,0.0,0.0,0.0,0.0,0.0,0.0,0.0216,0.0,0.0,0.0,0.0
2024-06-30,0.0,0.3038,0.0,0.0,0.0,0.0,0.0,0.0,0.4106,0.0,0.0,0.0,0.0,0.0,0.1528
2024-07-01,0.0,0.0,0.0,0.1709,0.0,0.0,0.0,0.266,0.0,0.0,0.067,0.0,0.0,0.0,0.0
2024-07-02,0.0,0.0,0.0,0.0,0.0,0.2084,0.0,0.0,0.0,0.0,0.0,0.0,0.1317,0.0,0.0
2024-07-03,0.0,0.0,0.0,0.0,0.0,0.0,0.0,0.0,0.0,0.0,0.0,0.0,0.0,0.0,0.0
2024-07-04,0.0,0.0,0.0,0.071,0.0,0.0,0.0,0.0,0.0,0.0637,0.0,0.0,0.0,0.0,0.0
2024-07-05,0.0,0.0,0.084,0.0,0.0,0.0,0.0,0.0,0.0,0.0209,0.0,0.0,0.0,0.0,0.0
2024-07-06,0.0662,0.0,0.0,0.0,0.0,0.0,0.0,0.0,0.0,0.0,0.1484,0.0,0.0,0.0,0.0
2024-07-07,0.0,0.0,0.0,0.2048,0.0,0.0,0.0,0.0,0.0,0.0,0.0,0.0,0.0,0.0,0.0
2024-07-08,0.0,0.0,0.0,0.0,0.0,0.0,0.0,0.0,0.0,0.0,0.0,0.0,0.0,0.0,0.0
2024-07-09,0.0,0.1951,0.4419,0.0,0.3831,0.0,0.0,0.0,0.0,0.0,0.0,0.0,0.0,0.0,0.0
2024-07-10,0.0,0.0,0.0,0.0,0.0,0.0,0.0,0.3302,0.0,0.0,0.0,0.0,0.0,0.0,0.0
2024-07-11,0.0766,0.0,0.0,0.0,0.0,0.0904,0.0,0.0,0.0,0.0,0.0,0.0,0.0,0.0,0.0
2024-07-12,0.2173,0.0,0.0,0.0,0.0,0.0,0.0,0.0,0.0,0.0,0.0,0.0,0.2808,0.0,0.0
2024-07-13,0.0,0.0,0.0,0.0,0.0,0.0,0.0,0.0,0.0,0.0,0.0,0.0,0.0,0.0,0.0
2024-07-14,0.0,0.0,0.0,0.0,0.0,0.0,0.0,0.1182,0.0,0.0,0.0,0.0,0.0,0.0,0.2507
2024-07-15,0.0,0.0,0.0,0.0,0.2558,0.0,0.0,0.0,0.0,0.0,0.0,0.0,0.0,0.0,0.0
2024-07-16,0.0,0.2686,0.0,0.0,0.0,0.0,0.0,0.0,0.0,0.0,0.1064,0.0,0.0,0.0,0.0
2024-07-17,0.0,0.0,0.0,0.1651,0.0,0.0,0.0,0.0,0.0,0.0,0.0,0.0,0.0,0.2056,0.0
2024-07-18,0.0,0.0,0.0,0.0,0.0,0.0,0.0,0.55,0.0,0.0,0.0,0.0,0.0,0.0,0.0
2024-07-19,0.0,0.0,0.0,0.0,0.0,0.0,0.1136,0.0,0.0,0.0,0.0,0.0,0.0,0.0,0.0
2024-07-20,0.0,0.1655,0.0,0.0,0.0,0.0,0.0,0.0,0.1816,0.0,0.0,0.0,0.0,0.2446,0.0
2024-07-21,0.0,0.0,0.0758,0.0,0.0,0.2814,0.0,0.0,0.0,0.0,0.0,0.0,0.0,0.0,0.135
2024-07-22,0.0,0.0,0.0,0.3467,0.2379,0.0,0.0,0.0,0.0,0.0,0.0,0.0,0.0,0.0,0.0
2024-07-23,0.0,0.0,0.0,0.0,0.0,0.0,0.0,0.0,0.0,0.0,0.0,0.0,0.0,0.0,0.0
2024-07-24,0.0,0.0,0.0,0.0,0.0,0.0,0.0,0.0,0.0,0.0,0.0,0.0,0.0,0.0,0.0
2024-07-25,0.0,0.0,0.0,0.0,0.0,0.0,0.0,0.0,0.0,0.0,0.0,0.0,0.0,0.0,0.3001
2024-07-26,0.0,0.0,0.0206,0.0,0.0,0.0,0.0,0.0,0.0,0.0,0.0,0.0,0.0,0.0,0.4731
2024-07-27,0.0,0.0,0.0,0.0,0.0,0.0,0.0,0.0,0.0,0.0,0.0,0.0,0.0,0.0,0.0
2024-07-28,0.0,0.0,0.0556,0.0,0.0,0.0,0.0,0.1969,0.0,0.0,0.1242,0.1993,0.0,0.0,0.0
2024-07-29,0.0,0.0,0.0,0.0,0.0,0.0,0.0,0.0,0.0,0.0,0.0,0.0,0.0,0.0,0.0
2024-07-30,0.0,0.0,0.0,0.0,0.0,0.1643,0.0,0.0,0.0,0.0,0.0,0.0,0.096,0.0,0.0
2024-07-31,0.0,0.0,0.0,0.0,0.0,0.0,0.1859,0.0,0.0,0.0,0.0,0.0,0.0,0.0,0.0
2024-08-01,0.0,0.0,0.1902,0.0,0.0,0.0,0.0,0.0,0.0,0.0,0.0468,0.0,0.0,0.0,0.0
2024-08-02,0.0,0.0,0.1247,0.0,0.0,0.0,0.0,0.0,0.0,0.0,0.0,0.0,0.0,0.0,0.0
2024-08-03,0.0,0.0,0.0,0.0,0.0,0.0,0.0,0.0,0.0,0.0,0.0,0.0,0.0,0.1085,0.0
2024-08-04,0.0,0.0,0.0933,0.0,0.0,0.0,0.0,0.0,0.1875,0.0,0.0,0.0,0.0682,0.3848,0.0
2024-08-05,0.0,0.0,0.0,0.0,0.0,0.0,0.0,0.0,0.0,0.0,0.0,0.0,0.0,0.0,0.0
2024-08-06,0.0,0.5261,0.0,0.0,0.0,0.0,0.0,0.0,0.0,0.0,0.0,0.0,0.0,0.0,0.0
2024-08-07,0.0,0.0,0.0,0.0,0.0,0.0919,0.0,0.0,0.0,0.0,0.0,0.1807,0.0,0.0,0.0
2024-08-08,0.0,0.0,0.0,0.0,0.0,0.0,0.2665,0.0,0.0,0.0,0.0,0.0,0.0,0.0,0.1726
2024-08-09,0.0,0.0,0.0,0.0,0.0,0.0,0.0,0.0,0.0,0.0,0.0,0.0266,0.0,0.0,0.0
2024-08-10,0.0,0.0,0.0,0.0,0.0,0.0,0.0,0.0,0.0,0.0,0.1799,0.0,0.0,0.0,0.0
2024-08-11,0.0,0.0,0.0,0.0,0.0,0.0,0.0,0.0,0.0,0.0,0.0,0.0,0.0,0.0,0.0
2024-08-12,0.0,0.0,0.0,0.0,0.0,0.0,0.0,0.0,0.0,0.0,0.0,0.0,0.1568,0.0,0.0
2024-08-13,0.0,0.0,0.0,0.0,0.0,0.0,0.0,0.0,0.0,0.0,0.1319,0.0,0.0,0.0,0.0
2024-08-14,0.0,0.0,0.0,0.0,0.0,0.0,0.0,0.0,0.0,0.0,0.0,0.4011,0.1264,0.0,0.0
2024-08-15,0.0,0.0,0.0,0.0,0.0,0.0,0.0,0.0,0.1833,0.0,0.0,0.0,0.0,0.0,0.0
2024-08-16,0.0,0.0,0.0,0.0,0.0,0.0,0.0,0.0,0.0,0.0,0.0,0.0,0.1608,0.0,0.0
2024-08-17,0.0,0.0,0.0,0.0,0.0,0.4359,0.0,0.0,0.0,0.0,0.0,0.0,0.0,0.0,0.0
2024-08-18,0.0,0.0,0.0,0.0,0.1395,0.0,0.1186,0.0,0.0,0.0,0.0,0.0,0.1949,0.0,0.0
2024-08-19,0.0654,0.0,0.0,0.0,0.0,0.0,0.0,0.0,0.0,0.0,0.0,0.0,0.1141,0.0,0.0
2024-08-20,0.0,0.0,0.0,0.0,0.0,0.0,0.0,0.0,0.0,0.0,0.0,0.0,0.2229,0.0,0.0
2024-08-21,0.319,0.0,0.0,0.319,0.319,0.0,0.0,0.319,0.319,0.319,0.319,0.319,0.319,0.319,0.319
2024-08-22,0.319,0.0,0.0,0.319,0.319,0.0,0.0,0.319,0.319,0.319,0.319,0.319,0.319,0.319,0.319
2024-08-23,0.319,0.0,0.0,0.319,0.319,0.0,0.0,0.319,0.319,0.319,0.319,0.319,0.319,0.319,0.319
2024-08-24,0.319,0.2001,0.0,0.319,0.319,0.0,0.0904,0.319,0.319,0.319,0.319,0.319,0.319,0.319,0.319
2024-08-25,0.0,0.0,0.0,0.0,0.0,0.0,0.0,0.0876,0.0,0.0,0.0,0.0,0.0,0.0,0.0
2024-08-26,0.0,0.0,0.0,0.0,0.0,0.0,0.0,0.0,0.0,0.0,0.0,0.054,0.0,0.0,0.0
2024-08-27,0.0,0.0,0.0,0.0,0.0,0.0,0.0,0.0,0.0,0.0,0.0,0.1946,0.0,0.0,0.0
2024-08-28,0.0,0.0,0.0,0.0916,0.4386,0.0,0.0,0.0,0.2357,0.0,0.0,0.0,0.0,0.0,0.0
2024-08-29,0.5452,0.0,0.0,0.0,0.0,0.0,0.2273,0.0,0.0,0.0,0.0,0.0,0.0,0.0,0.0
2024-08-30,0.0,0.0,0.0,0.0,0.3217,0.0,0.0,0.1087,0.0,0.0,0.0,0.0,0.0,0.0,0.0
2024-08-31,0.0832,0.0,0.0,0.0,0.0,0.0,0.0,0.0,0.0,0.0,0.1853,0.0,0.0,0.0,0.0
2024-09-01,0.0,0.0,0.0684,0.2146,0.0,0.0,0.0,0.116,0.0,0.0,0.0,0.0,0.0,0.0,0.0
2024-09-02,0.0,0.0,0.0,0.0,0.0,0.0,0.0,0.3581,0.0,0.0,0.0,0.1427,0.0,0.0,0.0
2024-09-03,0.0,0.0,0.2817,0.0,0.0,0.0,0.0,0.0,0.0,0.55,0.0,0.0,0.0,0.0,0.0
2024-09-04,0.0,0.0,0.0,0.0,0.0,0.0,0.0,0.0,0.0,0.0,0.2922,0.0,0.0,0.0,0.0
2024-09-05,0.0,0.0,0.0,0.0,0.0,0.0,0.0,0.0,0.1289,0.0,0.0,0.0,0.0,0.0,0.0
2024-09-06,0.0,0.0,0.0,0.0,0.0,0.0,0.0,0.0,0.0,0.0,0.0,0.1884,0.0,0.0,0.0
2024-09-07,0.1731,0.0,0.0,0.0,0.2368,0.0,0.0,0.0,0.0,0.0,0.0889,0.0,0.0,0.0,0.0
2024-09-08,0.0,0.0,0.0,0.0831,0.0,0.0,0.0,0.0,0.091,0.0,0.0,0.0,0.0,0.0,0.0
2024-09-09,0.0,0.1515,0.0,0.0,0.0,0.0,0.0,0.0,0.0,0.0,0.0,0.0,0.0,0.0,0.0
2024-09-10,0.0,0.0,0.0669,0.0,0.0,0.0,0.0209,0.0,0.0,0.0,0.0,0.0,0.0,0.0,0.0
2024-09-11,0.0,0.0,0.0,0.0,0.0,0.0,0.2229,0.0,0.0,0.0,0.0,0.0,0.0,0.0,0.0
2024-09-12,0.0,0.0,0.0,0.0,0.0,0.0,0.0,0.0,0.0,0.0,0.0,0.0,0.3424,0.0,0.0
2024-09-13,0.0,0.0,0.0,0.0,0.0,0.0,0.0,0.0,0.0,0.0,0.0,0.0,0.0702,0.0,0.0
2024-09-14,0.0,0.0,0.0,0.0,0.0,0.0,0.0,0.0,0.0,0.1846,0.0,0.196,0.222,0.0,0.0
2024-09-15,0.0,0.0,0.0,0.0,0.1644,0.0,0.0,0.0,0.0,0.0,0.1378,0.0,0.0,0.0,0.0
2024-09-16,0.0,0.0,0.0,0.0,0.0,0.0,0.0,0.0,0.0,0.0,0.0,0.0,0.0,0.0,0.0
2024-09-17,0.0,0.0,0.0,0.0786,0.0,0.0,0.0,0.0,0.0,0.0,0.0,0.0,0.0,0.0,0.0
2024-09-18,0.0,0.0,0.0,0.0,0.0,0.0,0.0,0.0,0.0,0.0,0.0,0.0,0.0,0.0,0.0
2024-09-19,0.0,0.0,0.0,0.0,0.0,0.0,0.0,0.0,0.0,0.0,0.0,0.0,0.0,0.0,0.0
2024-09-20,0.0,0.0,0.0,0.0,0.0,0.0,0.0,0.0,0.0,0.2352,0.0,0.0,0.0,0.0,0.0
2024-09-21,0.0,0.0,0.0,0.0,0.0,0.0,0.0,0.2974,0.0,0.0,0.257,0.0,0.0,0.0,0.0
2024-09-22,0.1165,0.0,0.0,0.0,0.0,0.0,0.0,0.0,0.0,0.0,0.0,0.0,0.0,0.0,0.0
2024-09-23,0.0,0.0,0.1988,0.0,0.0,0.0,0.0,0.0,0.0,0.0,0.0,0.0,0.0,0.0,0.0
2024-09-24,0.0,0.0,0.0,0.0,0.0,0.0,0.0,0.0,0.0,0.0,0.0,0.0,0.0,0.0,0.0
2024-09-25,0.052,0.1288,0.0,0.0,0.0,0.0,0.2101,0.0,0.0,0.0,0.0,0.0,0.0,0.0,0.0
2024-09-26,0.0,0.0,0.0683,0.0,0.0,0.0,0.1618,0.0,0.0,0.0,0.0,0.0,0.0,0.0,0.0
2024-09-27,0.0,0.0,0.2897,0.0,0.2452,0.0,0.0,0.0,0.0,0.0,0.0,0.0,0.0,0.0,0.0
2024-09-28,0.0,0.0,0.0,0.0,0.0,0.0,0.0,0.0,0.0,0.0,0.0,0.0,0.0,0.2461,0.0
2024-09-29,0.0,0.0,0.0,0.0,0.0,0.0,0.0,0.0,0.0,0.0954,0.0,0.0,0.0,0.0,0.0
2024-09-30,0.0,0.0,0.0,0.0,0.0,0.0,0.0,0.0,0.0,0.0,0.0,0.0,0.0,0.0,0.0
2024-10-01,0.0,0.0,0.0,0.0,0.0,0.0,0.3111,0.0,0.0,0.0,0.0,0.0,0.0,0.0,0.0
2024-10-02,0.0,0.0,0.0,0.1435,0.0,0.0,0.0,0.0,0.0,0.0,0.0,0.0,0.0,0.0,0.0
2024-10-03,0.0,0.0,0.0,0.0,0.0,0.0,0.0,0.0,0.0,0.0,0.0,0.0,0.0,0.0,0.0
2024-10-04,0.0,0.0,0.0,0.0,0.0,0.0,0.0,0.0,0.0,0.0,0.0,0.0,0.0,0.0,0.0
2024-10-05,0.0,0.0,0.0,0.0919,0.0,0.0,0.0,0.0,0.0,0.0,0.0,0.0,0.0,0.0,0.0
2024-10-06,0.0,0.0,0.0657,0.1213,0.0,0.0,0.0,0.0,0.0,0.2419,0.0,0.0,0.0,0.0,0.0
2024-10-07,0.0,0.0,0.0,0.0,0.0,0.0,0.2662,0.0,0.0,0.0,0.0,0.0,0.0,0.0,0.0
2024-10-08,0.0,0.1992,0.0,0.2683,0.0,0.0,0.0,0.0,0.0,0.0,0.0,0.0,0.0,0.0,0.0
2024-10-09,0.0,0.0,0.0,0.0,0.0,0.0,0.0,0.0,0.0,0.2064,0.0,0.0,0.0,0.0,0.0
2024-10-10,0.0,0.137,0.0,0.0,0.0,0.0,0.0,0.0,0.0,0.0,0.1712,0.0,0.0,0.0,0.0
2024-10-11,0.0,0.1275,0.0,0.0,0.0,0.0,0.0,0.0,0.0,0.0,0.0,0.0,0.0,0.0,0.0
2024-10-12,0.0,0.0,0.0,0.2152,0.0,0.0,0.3545,0.0,0.0,0.0,0.0,0.0,0.0,0.0,0.0
2024-10-13,0.0,0.0,0.0,0.244,0.0,0.0,0.0,0.0,0.0,0.0,0.0891,0.3937,0.0,0.0826,0.0
2024-10-14,0.0,0.0,0.0,0.0,0.0,0.1227,0.0,0.0,0.0,0.0,0.0,0.0,0.0,0.0,0.0
2024-10-15,0.0,0.0,0.0,0.0,0.0,0.0,0.0,0.0,0.0,0.0,0.0,0.0,0.0,0.0,0.0
2024-10-16,0.0,0.0,0.0,0.0,0.0,0.2318,0.0,0.0,0.0,0.0,0.0,0.0,0.0,0.0,0.0
2024-10-17,0.0,0.0,0.0,0.0,0.0,0.0,0.0,0.0,0.0,0.0,0.0,0.0,0.0,0.0,0.0
2024-10-18,0.0,0.0,0.0,0.0,0.0,0.0,0.0,0.0,0.0,0.105,0.2149,0.0,0.0,0.0,0.0
2024-10-19,0.0,0.0,0.0,0.0,0.1226,0.102,0.0,0.0,0.0,0.0762,0.0,0.0,0.0,0.0,0.0
2024-10-20,0.0,0.0,0.0,0.0,0.0,0.0,0.0,0.0,0.0,0.0,0.0,0.0,0.0,0.2181,0.2354
2024-10-21,0.0,0.0,0.0,0.0,0.0,0.0,0.0,0.0,0.0,0.0,0.0,0.0,0.0,0.0,0.0
2024-10-22,0.1698,0.0,0.478,0.0,0.0,0.0,0.0,0.1407,0.0,0.0,0.0,0.0,0.0,0.3165,0.0
2024-10-23,0.0,0.0,0.5245,0.0,0.3518,0.0,0.0,0.0,0.0,0.0,0.1874,0.0,0.0,0.0,0.0
2024-10-24,0.0,0.1086,0.0,0.0,0.0,0.0,0.0,0.0,0.0,0.0,0.0,0.0,0.0,0.0,0.0
2024-10-25,0.0,0.0,0.0,0.0,0.0,0.0,0.0,0.0,0.0,0.0,0.0,0.0,0.0,0.0,0.0
2024-10-26,0.0,0.0,0.0,0.0,0.1168,0.0273,0.0,0.0,0.0,0.0,0.0,0.0,0.0,0.0,0.0
2024-10-27,0.0,0.0,0.0,0.0,0.0,0.0,0.0,0.0,0.0,0.0,0.0,0.0,0.0,0.0,0.0
2024-10-28,0.0,0.0,0.0,0.0,0.0,0.0,0.0,0.2523,0.0,0.0,0.0,0.0,0.0,0.0,0.0
2024-10-29,0.3792,0.0,0.0,0.0,0.0,0.0,0.0,0.0,0.0,0.0,0.0,0.0,0.0,0.111,0.0
2024-10-30,0.1782,0.0,0.1383,0.0,0.0,0.0,0.0,0.0,0.0,0.0,0.0,0.0,0.0,0.0,0.0
2024-10-31,0.0,0.0,0.0,0.0,0.0,0.0086,0.0,0.0,0.0,0.0,0.0,0.0,0.0,0.0,0.0
2024-11-01,0.0,0.0,0.0946,0.0,0.0,0.0,0.0,0.2719,0.0,0.0,0.0,0.0,0.0,0.0,0.0
2024-11-02,0.0,0.0927,0.0,0.0,0.0,0.0,0.0853,0.0,0.0,0.0,0.0,0.0314,0.0,0.0,0.0
2024-11-03,0.0,0.0,0.0,0.0,0.0,0.0,0.0,0.0,0.2579,0.0,0.0,0.0,0.0,0.0,0.0
2024-11-04,0.0,0.0,0.0,0.0,0.0,0.0,0.0,0.0,0.0,0.0,0.0,0.0,0.0,0.0,0.0
2024-11-05,0.0,0.0,0.0,0.0,0.0,0.0,0.0,0.5238,0.0,0.0,0.0,0.0,0.0,0.0,0.0
2024-11-06,0.0,0.0,0.1413,0.0,0.0,0.0,0.0,0.0,0.0,0.0,0.0,0.0,0.0,0.0,0.0
2024-11-07,0.0,0.0,0.0,0.0,0.0,0.0,0.0,0.0,0.0,0.0,0.0,0.0,0.0,0.0,0.0
2024-11-08,0.0,0.0,0.0,0.0,0.0,0.0,0.1588,0.0,0.0,0.0,0.0,0.0,0.0,0.0,0.2128
2024-11-09,0.0,0.1194,0.0,0.0,0.0448,0.0,0.0,0.0,0.0,0.0,0.0,0.0,0.0,0.0,0.0
2024-11-10,0.0,0.0,0.2436,0.0562,0.0,0.0,0.0,0.0,0.0,0.0,0.0,0.0,0.0,0.0,0.0
2024-11-11,0.0,0.0,0.0,0.0,0.0523,0.0,0.0,0.0,0.0,0.345,0.0,0.0,0.0,0.0,0.0
2024-11-12,0.0,0.0,0.0,0.0,0.0,0.0,0.0,0.0,0.0,0.0,0.0,0.0,0.0,0.0,0.0
2024-11-13,0.0,0.0,0.0,0.0,0.0,0.0,0.0,0.0,0.0,0.0,0.0,0.0,0.0,0.0,0.0
2024-11-14,0.0,0.0,0.0,0.0,0.0,0.1247,0.0,0.0,0.0,0.0,0.0,0.0,0.0,0.0,0.0
2024-11-15,0.0,0.0,0.0,0.0,0.0,0.0,0.0,0.0,0.0,0.0,0.0,0.0,0.0,0.0,0.0
2024-11-16,0.0,0.0,0.0,0.0,0.0,0.0,0.0,0.0,0.0,0.0,0.0,0.0,0.0,0.0,0.0
2024-11-17,0.0,0.0,0.0,0.0,0.0,0.0,0.0,0.0,0.0,0.0,0.0,0.0,0.1828,0.0,0.1989
2024-11-18,0.0,0.0,0.0,0.0,0.0,0.0,0.4528,0.0,0.0,0.0,0.0,0.0,0.0,0.0,0.0
2024-11-19,0.0,0.0,0.0,0.0,0.0,0.0,0.0,0.3701,0.0,0.1513,0.0,0.0,0.0,0.0,0.0
2024-11-20,0.4117,0.0,0.0,0.0,0.0,0.0,0.0,0.0,0.0,0.0,0.0,0.0,0.0,0.0,0.0
2024-11-21,0.0,0.0,0.0,0.0,0.0,0.0,0.0,0.0,0.0,0.0,0.0,0.0,0.0,0.0,0.0
2024-11-22,0.0,0.0,0.0,0.0,0.0,0.0,0.0,0.0,0.0,0.0,0.0,0.0,0.0,0.0,0.0
2024-11-23,0.087,0.0,0.0,0.0,0.0,0.0,0.0,0.135,0.2196,0.0,0.0,0.0,0.0,0.0,0.0
2024-11-24,0.0,0.0,0.0,0.0,0.0309,0.1648,0.0,0.1398,0.0,0.0,0.0,0.0,0.0,0.0,0.0
2024-11-25,0.0,0.0,0.2951,0.0,0.0,0.0,0.0,0.0,0.0,0.0,0.0,0.0,0.0,0.0,0.0
2024-11-26,0.0,0.0,0.0,0.0,0.0,0.0,0.0,0.0,0.0,0.0,0.0,0.0,0.0,0.0,0.0
2024-11-27,0.0,0.0,0.0,0.0,0.0,0.0,0.0,0.0,0.0,0.0,0.0,0.0,0.0,0.0,0.0
2024-11-28,0.0,0.0237,0.0,0.0,0.0,0.0,0.0,0.0,0.0,0.0,0.0,0.0,0.0,0.0,0.0
2024-11-29,0.0,0.0,0.0,0.0,0.0,0.0,0.0,0.0,0.0,0.0,0.1236,0.0,0.0,0.0,0.0
2024-11-30,0.0,0.2023,0.0,0.0,0.0,0.0,0.0,0.2982,0.0,0.0,0.0,0.171,0.2435,0.1203,0.0
2024-12-01,0.0,0.0,0.3258,0.0,0.0,0.0,0.2123,0.0,0.0,0.0,0.0,0.0,0.0,0.0,0.0
2024-12-02,0.4995,0.0,0.0,0.0,0.0,0.0,0.2093,0.0,0.0,0.0,0.0,0.0,0.0,0.0,0.0
2024-12-03,0.0,0.0,0.0,0.0,0.0,0.0,0.0,0.0,0.5298,0.0,0.0,0.0,0.0,0.0,0.0
2024-12-04,0.0,0.0,0.0,0.0,0.0,0.0,0.0,0.0,0.0,0.0,0.0,0.0,0.0,0.0,0.0
2024-12-05,0.0,0.0,0.3469,0.0,0.0,0.0,0.0,0.0,0.0,0.0,0.0,0.0,0.0,0.0,0.0
2024-12-06,0.0,0.0,0.0,0.0,0.0,0.0,0.1218,0.0,0.0,0.1712,0.0,0.0,0.0,0.0,0.0
2024-12-07,0.0,0.0,0.0,0.0,0.0,0.0,0.0,0.0,0.0,0.0,0.0,0.0,0.0,0.0,0.0
2024-12-08,0.0,0.0,0.0,0.0,0.0,0.0,0.0,0.0,0.1641,0.0,0.0,0.0,0.0,0.0,0.0
2024-12-09,0.0,0.0,0.0,0.0,0.0,0.0,0.0,0.0,0.0,0.0,0.0,0.0,0.0,0.0,0.0
2024-12-10,0.0,0.0,0.0,0.0,0.0,0.303,0.0,0.0,0.0,0.0,0.0,0.0,0.0,0.0,0.0
2024-12-11,0.0,0.0,0.0,0.0,0.0,0.0,0.0,0.0,0.0,0.0,0.0,0.0,0.0,0.0,0.0
2024-12-12,0.0,0.0,0.0,0.0,0.0,0.0,0.0,0.0,0.0,0.0,0.0,0.0,0.0,0.0,0.0
2024-12-13,0.0,0.0,0.0,0.0,0.0,0.1076,0.0,0.0,0.0,0.0,0.0,0.0,0.0,0.0,0.0
2024-12-14,0.0,0.0,0.0,0.0,0.0,0.0,0.0,0.0,0.0,0.0,0.0,0.0,0.0,0.0,0.0
2024-12-15,0.0,0.0,0.0,0.0,0.0,0.0,0.0,0.0,0.0,0.0,0.0,0.0,0.0,0.0,0.3639
2024-12-16,0.0,0.0,0.0,0.0,0.0,0.0,0.0,0.0,0.0,0.0,0.0,0.0,0.0,0.0,0.0
2024-12-17,0.0,0.0,0.0,0.0,0.0,0.0,0.0,0.0,0.0,0.0,0.0,0.0,0.0,0.0,0.0
2024-12-18,0.0,0.0,0.0,0.0,0.0,0.0,0.0,0.0,0.0,0.0,0.0,0.0,0.0,0.0,0.0
2024-12-19,0.0,0.0,0.0,0.0,0.0,0.1137,0.2301,0.0,0.0972,0.0,0.0,0.0,0.0,0.0,0.0
2024-12-20,0.0,0.0,0.0,0.0,0.0,0.0,0.0,0.0,0.0,0.0,0.0,0.0,0.0,0.0,0.0
2024-12-21,0.0,0.0,0.0,0.0,0.0,0.0,0.0,0.0,0.0,0.0,0.0,0.0,0.0,0.0,0.0
2024-12-22,0.0,0.0,0.2353,0.0,0.0,0.0,0.0,0.0,0.0,0.0,0.0,0.0452,0.0,0.0,0.0
2024-12-23,0.0,0.0,0.0,0.0,0.0,0.0,0.0,0.0,0.3055,0.0,0.0,0.0,0.2916,0.0,0.1976
2024-12-24,0.0,0.0,0.0,0.0,0.0,0.0,0.0,0.0,0.0,0.0,0.0,0.0,0.0,0.0,0.0
2024-12-25,0.2797,0.0,0.0,0.0,0.0,0.0,0.0,0.0,0.0,0.0,0.0,0.0,0.0,0.0,0.0
2024-12-26,0.0,0.0,0.0,0.0,0.0,0.0,0.3206,0.0,0.0,0.0,0.0,0.0,0.0,0.0,0.0
2024-12-27,0.0,0.0,0.0,0.0,0.0,0.0,0.3547,0.0,0.0,0.0,0.0,0.0,0.0,0.0,0.0
2024-12-28,0.0,0.0,0.0,0.0,0.0,0.0,0.0,0.0,0.0,0.0,0.0,0.0,0.0,0.0,0.0
2024-12-29,0.0,0.0,0.0,0.0,0.0,0.0,0.0,0.2407,0.0,0.0,0.0,0.0,0.1655,0.0,0.0
2024-12-30,0.0,0.0,0.0,0.0,0.0,0.0,0.0,0.1443,0.0,0.0,0.0,0.0,0.1657,0.0,0.0
