user_id,join_day,init_state,base_activity,price_sensitivity,cart_bias,country,primary_device
1,331,browser,1.6144,0.1784,0.0348,ES,app
2,113,new,0.2212,0.855,-0.9437,ES,mobile
3,329,new,0.5629,0.6692,-0.2595,IT,web
4,133,new,0.4205,0.7636,-0.6727,IT,web
5,57,new,1.1127,0.7497,0.0618,IT,mobile
6,122,new,0.4551,0.5976,-0.0559,IT,mobile
7,336,new,1.4479,0.6386,0.0929,IT,app
8,21,browser,0.4858,0.5964,-0.3533,ES,web
9,196,new,0.2055,0.2083,-0.317,FR,app
10,47,new,0.2281,0.234,-0.7747,DE,mobile
11,63,new,0.3161,0.4951,-0.6107,IT,app
12,203,new,0.6229,0.4265,0.082,DE,mobile
13,358,new,0.4182,0.8154,-0.1215,ES,web
14,279,new,0.3283,0.7633,-0.2135,IT,web
15,30,new,0.7825,0.5697,0.1917,FR,web
16,218,new,0.1236,0.4976,-0.705,NL,web
17,88,new,0.1804,0.5876,0.0021,IT,app
18,345,new,0.0932,0.4445,-0.6627,ES,web
19,54,new,0.715,0.2393,0.2673,IT,web
20,362,new,0.3488,0.3419,-0.0594,IT,web
21,41,new,0.6259,0.8675,0.0876,IT,mobile
22,49,new,0.3464,0.9543,-0.4956,IT,web
23,193,new,0.6458,0.7557,0.5137,FR,web
24,127,new,0.3431,0.6095,0.4495,IT,app
25,101,new,0.9105,0.3693,-0.0994,ES,web
26,265,new,0.4253,0.591,0.1613,DE,app
27,96,new,1.0719,0.0507,-0.3557,DE,web
28,65,new,1.8176,0.7694,-0.694,IT,mobile
29,100,new,0.1506,0.2535,0.0285,IT,mobile
30,143,new,0.3543,0.8377,-0.5718,IT,web
31,260,new,0.4102,0.9697,0.2086,IT,mobile
32,326,new,0.3778,0.5471,0.1168,IT,web
33,14,new,0.2956,1.125,-0.1677,IT,web
34,36,new,0.2741,0.2564,-0.1872,ES,app
35,27,new,0.8534,0.1474,0.0963,IT,app
36,339,new,0.3538,0.656,-0.1539,IT,web
37,214,new,1.4062,0.7188,-0.3916,DE,mobile
38,258,new,0.4919,0.5873,-0.7801,NL,web
39,132,new,0.7173,0.5308,0.0856,ES,web
40,48,new,0.4986,1.0165,-0.1217,IT,web
41,5,browser,0.3906,0.5222,0.7145,ES,mobile
42,34,new,0.7696,0.4365,-0.2836,IT,mobile
43,303,new,0.1935,0.9243,-0.1443,DE,mobile
44,108,new,0.1366,0.7728,-0.1361,IT,app
45,37,new,0.4487,0.817,-0.0222,ES,mobile
46,167,new,0.5825,0.6553,-0.5884,IT,web
47,101,new,0.4305,0.3723,-0.277,FR,web
48,157,new,0.5325,0.6352,0.0397,FR,mobile
49,46,new,1.5115,0.3475,-0.3665,FR,web
50,127,new,0.163,0.6636,0.0266,IT,web
51,268,new,0.4294,0.7376,-0.2161,ES,web
52,352,new,0.759,0.8136,-0.1093,ES,mobile
53,147,new,0.4043,0.6034,0.1529,FR,mobile
54,8,new,0.179,0.7547,-0.3296,IT,mobile
55,184,new,0.3062,0.2423,-0.7581,IT,mobile
56,238,new,0.4997,0.794,-0.3432,FR,app
57,58,new,0.9877,0.7414,-0.5389,IT,app
58,168,new,0.1254,0.476,-0.994,ES,web
59,83,new,0.4487,0.7155,-0.2873,IT,mobile
60,116,new,0.2203,0.8161,-0.1803,FR,web
61,63,new,0.4864,0.6342,0.1073,IT,app
62,140,new,0.5083,0.4719,-0.6488,DE,mobile
63,163,new,0.3236,0.652,-0.219,IT,web
64,283,new,0.5207,0.7194,0.1448,IT,mobile
65,245,new,0.6886,0.1647,-0.4511,IT,mobile
66,158,new,0.336,0.4386,-0.0623,DE,app
67,210,new,0.1763,0.7139,0.3092,IT,web
68,27,new,0.8058,0.7682,-0.9018,IT,web
69,241,new,0.5803,1.007,-0.1546,IT,app
70,68,new,0.5016,0.7398,0.157,FR,mobile
71,109,new,0.2516,0.4024,-0.3727,IT,web
72,132,new,0.6325,0.9872,0.2354,ES,mobile
73,109,new,1.1313,0.3235,-0.028,IT,mobile
74,175,new,0.3441,0.2591,0.3693,IT,web
75,96,new,1.0697,0.3229,-0.0461,IT,web
76,184,new,0.2048,0.5315,0.3984,IT,web
77,122,new,0.2476,0.7709,-0.145,IT,web
78,47,new,0.2037,0.1917,-0.7287,NL,web
79,72,new,0.3953,0.5986,-0.4709,IT,web
80,117,new,0.305,0.7606,0.1064,ES,mobile
81,231,new,0.4516,0.1099,0.0995,IT,mobile
82,168,new,0.2252,0.7544,-0.3587,IT,mobile
83,341,browser,0.3355,0.776,0.3815,DE,web
84,29,new,0.2177,0.4676,-0.3739,FR,mobile
85,212,new,0.4079,0.4124,-0.0883,ES,web
86,363,new,0.1499,0.4648,-0.098,FR,app
87,246,new,0.3999,0.139,-0.7157,IT,web
88,313,new,0.3156,0.5613,-0.2887,NL,app
89,285,browser,0.4064,0.6595,0.5831,IT,mobile
90,34,new,0.1483,0.4005,-0.5728,DE,app
91,228,browser,0.5273,0.2087,-0.0312,FR,app
92,317,new,0.3121,0.3639,-0.654,IT,app
93,52,new,0.4145,0.6668,-0.5764,IT,mobile
94,122,new,0.241,0.5476,-0.745,NL,web
95,341,new,0.1857,0.7537,0.0794,IT,mobile
96,300,new,0.2968,0.8523,-0.555,IT,web
97,98,new,1.5586,0.296,0.1936,ES,web
98,170,new,0.4916,0.757,-0.436,IT,app
99,164,new,0.3951,0.759,-0.2052,IT,mobile
100,175,new,0.2213,0.6952,-0.106,FR,web
101,134,new,0.2002,0.9219,-0.8159,DE,app
102,192,new,0.4283,0.4892,-0.1787,IT,web
103,112,new,0.5408,0.5441,-0.1275,NL,app
104,293,new,0.4127,0.4801,0.149,IT,mobile
105,12,new,0.942,0.7505,-0.5858,IT,web
106,109,new,0.2528,0.571,-0.536,IT,web
107,295,new,0.406,0.4948,-0.0192,IT,app
108,65,new,0.145,0.9194,0.2443,ES,web
109,96,new,0.4132,0.9457,-0.4574,IT,app
110,352,new,0.8254,0.5608,-0.6823,IT,mobile
111,76,new,0.2075,0.3739,-0.3609,FR,web
112,53,new,0.5846,0.9554,-0.6047,ES,mobile
113,114,new,0.8127,0.7047,-0.1108,ES,mobile
114,21,new,0.2517,0.6957,-0.6279,ES,web
115,19,new,0.4756,0.3593,0.0905,NL,mobile
116,305,new,0.877,0.4759,-0.1756,FR,web
117,44,new,0.4176,0.5456,0.1014,DE,web
118,82,new,0.5671,0.742,-1.0982,NL,app
119,205,new,0.1387,0.5394,-0.8654,DE,mobile
120,320,new,0.5109,0.2157,0.2024,IT,mobile
121,147,new,0.4889,0.6224,-0.5018,IT,mobile
122,16,new,0.1774,0.4298,-0.7632,IT,mobile
123,124,new,0.2165,0.9118,-0.3209,IT,web
124,26,new,0.5128,0.7269,-0.1652,IT,app
125,79,new,0.3115,0.6795,-0.3053,IT,mobile
126,212,new,0.6781,0.7199,-0.0862,ES,app
127,147,new,0.4364,0.2973,-0.1336,DE,app
128,305,new,0.3795,0.5312,-0.1519,IT,mobile
129,39,new,0.335,0.3451,0.2219,NL,mobile
130,46,new,0.4321,0.6424,-0.255,FR,web
131,22,new,0.5721,0.6787,-0.2653,DE,web
132,191,new,0.4934,0.3152,0.031,IT,mobile
133,303,new,0.2915,0.1432,-0.0566,NL,web
134,73,new,0.7274,0.133,-0.566,IT,web
135,69,new,0.5282,0.4761,-0.2822,DE,mobile
136,220,new,0.4547,0.6946,-0.0966,IT,web
137,329,new,0.3869,0.438,-0.4554,IT,web
138,74,new,0.4843,0.3832,-0.4387,IT,mobile
139,74,new,0.1343,0.1114,-0.737,FR,web
140,238,new,0.4201,0.8978,-1.259,DE,web
141,23,new,0.9067,0.6966,-0.3809,ES,web
142,121,new,0.4152,0.3484,-0.2054,FR,mobile
143,314,new,0.3852,0.1764,-0.6334,IT,app
144,123,new,0.2651,0.6813,0.2323,NL,web
145,136,new,1.0667,0.5711,-0.6163,IT,mobile
146,153,new,0.3305,0.8625,0.0694,DE,web
147,68,new,0.7559,0.5991,-0.1035,FR,mobile
148,109,new,0.2288,0.9988,0.5117,IT,web
149,286,new,0.2869,0.761,-0.0611,IT,app
150,70,new,0.2643,0.6697,-0.7562,ES,mobile
151,300,new,1.0091,0.7857,0.119,NL,mobile
152,91,new,0.3314,0.0302,0.3442,ES,web
153,326,new,0.2721,0.1354,-0.8703,DE,app
154,2,new,0.1165,0.6063,-0.0263,NL,web
155,157,new,0.2229,0.5012,0.0511,IT,mobile
156,56,new,0.4918,0.418,-0.3245,IT,mobile
157,148,new,0.4907,0.1807,-1.0977,ES,mobile
158,181,new,0.2571,0.6514,-0.3536,IT,app
159,129,new,0.2651,0.1206,-0.4534,FR,mobile
160,158,new,1.0232,0.5599,0.2854,IT,mobile
161,316,new,1.6209,0.8052,-0.281,FR,web
162,149,new,2.1144,0.5998,-0.3943,IT,web
163,198,new,0.8673,0.9611,-0.4553,DE,mobile
164,352,new,0.9746,0.153,-0.136,IT,mobile
165,129,new,3.5392,0.25,-0.2301,ES,mobile
166,9,new,0.3116,0.3936,-0.5265,IT,mobile
167,161,new,0.2269,0.7501,-0.1576,DE,mobile
168,176,new,1.0085,0.8273,-0.445,IT,web
169,68,new,0.2165,0.513,-1.1573,IT,web
170,293,new,0.2089,0.4285,-0.0162,DE,app
171,124,new,0.2116,0.8954,-0.0494,IT,web
172,282,new,0.3422,0.3589,-0.1801,IT,web
173,90,new,0.1235,0.8018,-0.4049,IT,mobile
174,69,new,0.1673,0.5172,-0.2752,IT,web
175,220,new,0.2612,0.6915,0.0367,IT,mobile
176,242,new,0.1906,0.8138,-0.4711,IT,mobile
177,294,browser,0.6599,0.7057,0.0509,IT,mobile
178,227,new,0.3692,0.2741,-0.7662,IT,app
179,46,new,1.3463,0.8713,-0.1911,IT,app
180,246,new,0.4758,0.672,-0.241,IT,mobile
181,51,new,0.3283,0.1193,0.1009,ES,app
182,97,new,0.6335,0.3131,-0.5716,ES,web
183,7,new,0.4717,0.3104,-0.5334,IT,web
184,295,new,0.3088,0.799,-0.7381,DE,mobile
185,64,new,0.1457,0.6143,-0.4484,IT,mobile
186,204,browser,0.4899,0.7627,-0.1606,DE,web
187,30,new,0.1838,0.4223,-0.8792,IT,web
188,264,browser,0.4535,0.6297,-0.405,IT,web
189,68,new,0.3842,0.7023,-0.0362,FR,web
190,228,new,0.1741,0.5221,-0.286,IT,web
191,188,new,0.4241,0.6617,-0.2237,NL,app
192,312,new,0.4087,0.3749,-0.7771,IT,app
193,127,new,0.4095,0.6911,-0.285,IT,mobile
194,285,new,0.8032,0.8802,-0.24,IT,mobile
195,183,new,0.257,0.3972,-0.3073,FR,web
196,105,new,0.5094,0.3864,-0.1965,IT,mobile
197,30,browser,0.252,0.8342,-0.3582,IT,mobile
198,19,browser,0.2037,0.3832,-0.4096,NL,mobile
199,133,new,0.5332,0.7713,-0.6139,IT,web
200,25,new,0.6157,0.141,0.0911,IT,app
201,314,browser,0.5135,0.5448,-0.6793,IT,app
202,52,new,0.3283,0.884,-0.1947,ES,web
203,166,new,0.1266,0.7871,0.3846,IT,app
204,260,new,0.831,0.6703,0.1355,ES,web
205,73,new,0.1255,0.2325,-0.0717,NL,app
206,154,new,0.5078,0.7482,-0.1626,IT,mobile
207,17,new,1.1743,0.4272,-0.2947,IT,mobile
208,144,new,0.3994,0.5802,-0.5655,IT,mobile
209,213,considering,0.4318,0.6213,-0.3388,IT,mobile
210,298,new,0.4532,0.9615,-0.0488,IT,app
211,93,new,1.2719,0.3284,-0.1136,IT,app
212,319,new,1.3402,0.3639,0.0261,DE,mobile
213,37,new,0.2314,0.8845,0.1769,IT,app
214,84,new,0.2159,0.7506,-0.3055,DE,mobile
215,111,browser,0.3072,0.7573,-0.1829,DE,mobile
216,295,new,2.8093,0.8879,-0.9147,IT,web
217,259,new,0.2679,0.9302,0.5397,DE,app
218,40,new,0.4661,0.4595,-0.3948,FR,mobile
219,244,new,0.663,0.3696,-0.0219,IT,mobile
220,30,new,0.5646,0.7716,-0.3951,IT,mobile
221,310,new,0.644,0.5728,-0.4032,IT,app
222,99,new,0.8024,0.5891,-0.333,IT,web
223,145,new,0.4358,0.4181,-0.6858,DE,web
224,22,browser,0.2861,0.7251,-1.1181,ES,web
225,80,new,0.3989,0.6924,0.1559,IT,web
226,211,new,0.3053,0.592,-0.059,ES,web
227,112,new,1.4723,0.3701,-0.5705,NL,mobile
228,61,new,0.2745,0.8376,-0.0918,IT,web
229,354,new,1.0246,0.666,0.0384,IT,app
230,122,new,0.1611,0.8212,-0.4926,IT,app
231,161,new,0.3958,0.2415,-0.1059,NL,web
232,85,new,0.3141,0.6302,0.1024,IT,mobile
233,21,new,0.5335,0.491,-0.7534,IT,web
234,142,new,0.5412,0.6265,-0.0633,ES,mobile
235,341,new,0.802,0.7898,-0.1225,IT,mobile
236,105,new,0.7677,0.6866,0.4082,IT,mobile
237,78,new,0.3547,0.6233,-0.055,DE,mobile
238,71,new,0.2188,0.6223,-0.3938,FR,mobile
239,154,new,0.2334,0.3392,-0.3533,IT,mobile
240,11,new,0.4345,0.4568,0.4582,NL,app
241,249,new,0.4012,0.8218,-0.3742,IT,app
242,52,new,0.4239,0.529,-0.0448,IT,mobile
243,258,new,0.2741,0.8253,-0.3334,IT,web
244,61,new,0.811,0.7687,0.1284,IT,mobile
245,225,new,0.1637,0.7783,0.1457,IT,app
246,180,new,0.2659,0.6799,-0.2579,IT,mobile
247,86,new,0.2034,0.3905,-0.3924,IT,mobile
248,171,new,0.3279,0.5928,-0.4007,NL,web
249,52,new,0.7302,0.7353,-0.8545,IT,mobile
250,196,browser,0.743,0.2374,-0.2148,IT,app
251,111,new,0.389,0.8439,-0.2219,IT,app
252,215,browser,0.5301,0.53,-0.5356,DE,web
253,217,new,0.3059,0.6045,-0.8922,IT,web
254,56,new,0.454,0.606,-0.1778,IT,web
255,166,browser,0.4223,0.6128,-0.1336,DE,web
256,164,new,0.1975,0.3835,-0.1119,IT,mobile
257,109,browser,0.285,0.6473,-0.5965,DE,web
258,349,new,0.4471,0.727,-0.1111,IT,mobile
259,217,new,0.7447,0.252,-0.3125,DE,mobile
260,227,new,0.7443,0.3859,0.0526,IT,mobile
261,283,new,2.7951,0.7813,-0.5912,NL,mobile
262,359,browser,0.4805,0.7478,0.1526,IT,app
263,130,new,0.2931,0.6738,0.2785,IT,mobile
264,279,new,0.3552,0.4972,-0.2094,FR,web
265,310,new,0.3456,0.7488,-0.1087,IT,mobile
266,312,new,0.294,0.4035,0.0244,IT,mobile
267,38,new,0.4541,0.5953,-0.609,ES,web
268,268,new,0.4659,0.3848,-0.4202,IT,app
269,359,new,0.1929,0.5908,-0.1855,IT,mobile
270,30,new,0.6693,0.4345,0.4594,IT,web
271,127,new,0.134,0.756,-0.6686,IT,mobile
272,225,browser,0.3255,0.698,0.3232,IT,web
273,92,new,0.6922,0.5173,-0.3176,FR,mobile
274,46,browser,0.5138,0.8163,-0.2621,IT,web
275,143,new,0.3023,0.3456,0.1763,IT,web
276,90,new,1.0864,0.6136,0.4575,IT,web
277,51,browser,0.2888,0.5093,-0.102,IT,mobile
278,21,new,0.1223,0.7536,0.1577,IT,web
279,244,new,0.4719,0.7358,-0.5721,ES,web
280,52,new,0.1383,0.8544,-0.4353,IT,web
281,172,new,0.2329,0.0554,-0.7234,FR,web
282,78,new,0.5182,0.0873,-0.4305,IT,mobile
283,117,new,0.2855,0.5424,-0.0522,IT,web
284,182,new,0.5063,0.9017,-0.1757,IT,mobile
285,327,new,0.1946,0.3389,0.3545,IT,mobile
286,72,new,0.5899,0.2748,0.4691,FR,web
287,88,new,0.1451,0.7009,-0.2978,FR,mobile
288,100,new,0.7598,0.7143,-0.4879,NL,mobile
289,181,new,0.2832,0.4891,0.156,IT,mobile
290,108,new,0.854,0.5756,0.1925,IT,mobile
291,102,new,0.2317,0.4675,-0.0956,DE,web
292,252,browser,1.0604,0.7141,-0.0031,FR,mobile
293,266,new,0.2172,0.6302,-0.0578,IT,app
294,147,new,0.1372,0.4102,-0.5961,IT,mobile
295,206,new,0.3767,0.6183,-0.6765,IT,mobile
296,88,new,0.7252,0.4054,-0.2678,IT,mobile
297,102,new,0.5683,0.883,-0.3203,ES,app
298,3,new,1.829,0.7809,-0.1531,IT,web
299,210,new,0.5745,0.0504,-0.2959,NL,mobile
300,54,new,0.2343,0.6346,-0.8461,IT,mobile
301,129,new,0.5608,0.8025,-0.9893,FR,mobile
302,13,new,0.3872,0.5888,0.0081,IT,mobile
303,161,browser,0.249,0.7565,-0.482,ES,mobile
304,278,new,0.406,0.8859,-0.3312,DE,mobile
305,343,new,0.3567,0.3283,-0.4453,IT,mobile
306,109,new,0.8016,0.9163,-0.5696,IT,web
307,194,new,0.2772,0.8639,-0.5789,IT,app
308,104,new,0.2701,0.6647,0.1069,IT,web
309,295,new,0.5824,0.5401,-0.3337,DE,web
310,142,new,1.0442,0.2425,-0.0278,FR,web
311,335,new,0.2583,0.576,0.0192,FR,mobile
312,50,new,0.7507,0.4773,-0.1392,IT,mobile
313,19,new,0.2086,0.7158,0.0307,DE,mobile
314,167,new,0.4861,0.4358,-0.245,ES,mobile
315,87,new,0.425,0.5591,0.2273,IT,web
316,93,new,0.725,0.5614,0.0382,DE,web
317,71,new,0.6694,0.3743,0.0848,IT,app
318,206,new,0.3848,0.7385,-0.5785,IT,mobile
319,213,new,0.2738,0.1873,-0.1579,DE,app
320,176,new,0.8992,0.8538,-0.8923,IT,web
321,130,new,0.2592,0.576,0.2404,IT,app
322,58,new,0.1057,0.5468,-0.4682,IT,app
323,259,new,0.1324,0.4572,-0.4196,DE,mobile
324,76,new,0.1513,0.627,-0.7286,IT,mobile
325,111,browser,0.5105,0.628,-0.2627,IT,web
326,363,new,1.2435,0.7535,-0.3439,IT,mobile
327,115,new,0.1198,0.6321,0.3879,IT,app
328,220,new,0.2392,0.9969,0.0507,IT,mobile
329,282,new,0.809,0.7021,-0.4301,DE,web
330,92,new,2.3531,0.4424,-0.8332,FR,mobile
331,256,new,0.2385,0.2306,-1.0493,DE,mobile
332,44,new,0.5091,0.7163,-0.6092,FR,mobile
333,39,new,0.3206,0.4367,-0.7159,IT,mobile
334,37,new,1.5433,0.7271,-0.128,IT,app
335,177,new,0.3983,0.7812,-0.3007,IT,web
336,160,new,0.4474,0.2643,-0.2439,IT,web
337,207,new,0.3853,0.4635,-0.5821,ES,web
338,78,new,0.2929,0.7859,-0.1968,IT,app
339,238,considering,0.6203,0.6781,-0.7471,FR,mobile
340,318,new,0.1945,0.5106,-0.2809,IT,mobile
341,328,new,0.1223,0.5913,0.0406,IT,app
342,55,new,0.3387,0.7048,-0.3779,NL,mobile
343,167,new,0.5761,0.4989,-0.0947,IT,web
344,299,browser,0.2673,0.6743,-0.9419,IT,mobile
345,189,browser,0.4076,0.8802,-0.97,IT,mobile
346,178,new,0.188,0.7935,-0.1355,IT,mobile
347,184,new,0.66,0.6348,0.1165,IT,web
348,116,new,0.5265,0.6621,-0.3334,NL,web
349,62,new,0.3719,0.5231,0.5008,DE,mobile
350,47,new,0.4037,0.5282,-0.7552,FR,web
351,94,new,0.1709,0.3433,-0.488,FR,app
352,100,new,0.1752,0.6652,-0.201,IT,web
353,243,new,0.344,0.7428,-0.0875,NL,app
354,322,new,0.488,0.6072,-0.4544,IT,web
355,64,new,0.5018,0.4621,-0.6207,IT,app
356,149,browser,0.3013,0.6319,-0.0329,NL,mobile
357,108,new,0.5543,0.8615,-0.2034,IT,web
358,89,new,0.8037,0.7816,-0.3706,IT,web
359,156,considering,0.3504,0.6147,-0.0754,FR,web
360,150,new,0.4362,0.9885,-0.2977,IT,app
361,19,browser,0.3281,1.1058,-0.2989,IT,web
362,231,new,0.3432,0.5336,-0.3118,IT,web
363,72,new,0.4038,0.5757,-0.5374,IT,mobile
364,92,new,0.9388,0.7448,-0.573,IT,mobile
365,147,new,0.6086,0.4557,-0.434,IT,mobile
366,300,new,0.5792,0.7728,-0.2388,IT,web
367,119,new,0.2866,0.6383,-0.9049,IT,mobile
368,36,new,0.2245,0.6869,0.0807,IT,web
369,178,browser,0.4558,0.5164,-0.2435,IT,mobile
370,95,new,0.7291,0.3358,-0.6228,IT,web
371,228,browser,0.9492,0.2626,0.3158,IT,app
372,88,new,0.0955,0.8873,-0.2354,IT,mobile
373,53,new,1.4127,0.7895,-0.7173,IT,mobile
374,257,new,0.4627,0.7412,0.3001,DE,app
375,165,new,0.6065,0.6827,0.2242,IT,app
376,341,new,0.1413,0.2052,-0.5681,IT,mobile
377,105,new,0.3229,0.4848,-0.363,IT,mobile
378,120,new,0.5784,0.5739,-0.4102,ES,app
379,174,new,0.1928,0.3306,-0.9113,IT,web
380,285,new,0.0751,0.3152,-0.1364,ES,mobile
381,339,new,0.4424,0.4441,0.0458,FR,mobile
382,261,browser,0.3579,0.6288,-0.0201,IT,mobile
383,185,new,0.8128,0.6289,-0.2385,IT,app
384,249,new,0.3369,0.7834,0.0798,NL,mobile
385,66,new,0.3507,0.9914,-0.6474,IT,mobile
386,171,new,0.54,0.7434,0.3864,IT,app
387,90,new,0.6495,0.0693,-0.5202,IT,mobile
388,60,new,0.2491,0.9441,-0.4814,IT,web
389,144,new,0.6185,0.3353,-0.4513,FR,web
390,26,new,0.2761,0.2458,-0.4769,IT,mobile
391,165,new,0.3712,0.4604,-0.3175,IT,web
392,298,new,1.4623,0.7662,-0.331,ES,mobile
393,222,new,0.5856,0.6503,-0.2046,DE,app
394,258,new,0.4383,0.1551,-0.5365,IT,web
395,230,new,0.203,0.4891,-0.1917,ES,app
396,73,new,0.1315,0.3965,-0.6316,IT,mobile
397,74,new,0.3317,0.3965,0.0064,ES,app
398,135,new,0.6276,0.8992,0.002,IT,web
399,254,new,0.4711,0.5942,-0.252,IT,mobile
400,104,browser,0.4203,0.9385,-0.4774,NL,mobile
401,109,new,0.3665,0.4598,-0.1411,FR,mobile
402,96,new,0.4361,0.7084,-0.5607,IT,app
403,45,new,0.2129,0.2294,-0.2379,NL,app
404,115,new,0.565,0.7783,-0.3031,IT,web
405,95,new,0.5859,0.3772,0.6705,FR,mobile
406,102,new,0.3026,0.7973,-0.6795,FR,mobile
407,102,new,0.4678,0.7198,-1.1836,DE,web
408,185,new,0.1431,0.4236,-0.4732,IT,app
409,129,new,0.4062,0.7519,-0.8504,FR,mobile
410,154,new,0.3419,0.02,-0.5043,ES,app
411,247,new,0.7353,0.4802,-0.7042,IT,app
412,235,new,0.3298,0.7449,-0.5666,DE,web
413,149,new,0.5932,0.7859,-0.6227,IT,mobile
414,153,new,0.2967,0.1589,0.087,IT,mobile
415,59,new,0.1046,0.5569,-0.267,ES,app
416,114,new,0.325,0.3703,0.1264,IT,mobile
417,70,new,0.4099,0.2951,-0.2358,DE,web
418,156,new,0.3997,0.5764,0.075,IT,mobile
419,350,new,0.403,0.7626,-0.3558,IT,web
420,1,new,0.2784,0.5168,0.3081,FR,mobile
421,7,new,0.3079,0.877,-0.0852,DE,app
422,150,new,0.198,0.5831,-0.5229,FR,web
423,335,new,0.1227,0.5838,-0.0333,IT,web
424,129,new,0.347,0.568,-0.2405,IT,mobile
425,100,new,0.2442,0.7967,-0.3209,FR,app
426,209,new,1.6119,0.4474,-0.2164,DE,web
427,72,new,0.1108,0.5968,0.0129,ES,web
428,193,new,0.4317,0.5215,-0.9911,ES,mobile
429,59,new,1.1815,0.5189,-0.3728,IT,mobile
430,31,new,0.3327,0.6263,-0.0111,IT,web
431,241,new,0.3673,0.5996,-0.1631,IT,app
432,246,browser,0.4651,0.8093,-0.6442,IT,app
433,197,new,0.4855,0.0672,-1.0787,IT,mobile
434,257,new,0.2939,0.7199,0.3453,ES,web
435,239,new,0.2113,0.6511,-0.3155,IT,mobile
436,55,new,0.5268,0.8727,0.2799,IT,web
437,111,new,0.1288,0.0831,0.0282,DE,mobile
438,126,new,0.5814,0.5661,-0.5278,IT,mobile
439,88,new,0.2966,0.7541,-1.1255,FR,web
440,41,new,0.3685,0.5631,-0.4118,FR,web
441,240,new,0.2755,0.7097,-0.263,DE,web
442,289,browser,0.8081,1.0408,-0.0923,DE,web
443,215,new,1.0468,0.3186,-0.6388,FR,web
444,197,browser,0.3082,0.8957,-0.1877,IT,mobile
445,343,browser,0.3035,0.1668,-0.1878,ES,mobile
446,175,new,0.3391,0.8608,0.0951,DE,web
447,327,new,2.5722,0.7435,-0.3574,IT,web
448,47,new,0.1783,0.7281,-0.095,ES,app
449,172,new,0.6674,0.5928,-0.149,IT,mobile
450,76,new,0.5028,0.5749,0.0565,IT,app
451,52,new,0.858,0.49,-0.537,IT,mobile
452,113,new,0.52,0.6211,-1.3248,ES,web
453,38,new,0.3686,0.5869,-0.3329,IT,web
454,341,new,0.6447,0.6544,-0.3308,IT,mobile
455,33,new,0.4174,0.3661,-0.6551,IT,app
456,110,new,0.5572,0.02,-0.7778,FR,mobile
457,244,new,0.807,0.8473,-0.4511,DE,mobile
458,266,browser,0.3871,0.7899,-0.2902,IT,mobile
459,306,new,0.2913,0.6241,-0.2166,IT,web
460,113,new,0.2582,1.0812,-1.0499,FR,web
461,82,new,0.4713,0.5161,-0.8637,IT,app
462,26,new,0.227,0.6044,0.1453,IT,web
463,73,new,0.3035,0.2042,-0.3164,ES,web
464,113,new,0.2161,0.5473,-0.2509,DE,mobile
465,173,new,1.1865,0.4236,-0.7166,IT,mobile
466,329,new,0.2432,0.0393,-0.2515,IT,app
467,159,new,0.1813,0.345,-0.3815,IT,web
468,160,new,0.5832,0.777,-0.4665,NL,app
469,313,new,0.2687,0.6901,-0.7616,DE,web
470,230,new,0.2825,0.7695,-0.554,IT,web
471,83,browser,0.4224,0.5665,0.4402,NL,mobile
472,132,new,0.3366,0.2733,-0.3723,IT,app
473,252,new,0.451,0.5869,0.0264,FR,mobile
474,164,new,1.2387,0.7199,-0.3187,FR,web
475,162,new,0.5528,0.607,-0.3592,DE,mobile
476,66,new,0.1288,0.6898,-0.4726,FR,web
477,161,new,0.1979,0.5234,0.221,IT,app
478,227,new,0.4992,0.6965,-0.1194,IT,app
479,55,new,0.4132,0.6195,-0.5264,IT,mobile
480,104,new,0.6296,0.4929,-0.3879,DE,mobile
481,180,new,0.1574,0.6452,0.1266,IT,mobile
482,59,browser,0.2833,0.3768,-1.2435,IT,mobile
483,159,new,0.3125,0.2151,-0.1413,IT,web
484,258,new,0.4032,0.7772,-0.0618,IT,web
485,227,new,0.3752,0.7103,-0.5124,IT,mobile
486,207,new,0.4762,0.3257,-0.1959,IT,app
487,106,new,0.3454,0.4463,-0.0742,IT,web
488,109,new,0.7825,0.5054,-0.6809,IT,app
489,111,new,0.9325,0.4767,0.0447,IT,mobile
490,150,new,0.1989,0.5223,-0.1459,NL,app
491,348,new,0.3771,0.7865,-0.3035,ES,app
492,62,new,0.5706,0.7458,-0.2133,ES,web
493,36,new,0.5076,0.5437,-0.0025,DE,mobile
494,128,new,0.294,0.7265,0.5606,IT,mobile
495,88,new,0.4232,0.4128,-0.0365,ES,app
496,197,new,0.154,0.6141,0.0337,IT,web
497,17,new,0.364,0.8267,-0.1823,IT,mobile
498,87,new,0.1648,0.501,0.4156,IT,app
499,122,new,0.4865,0.6295,-0.7631,DE,web
500,96,new,0.1991,0.4308,-0.8581,IT,web
501,143,new,0.4024,0.4395,-0.1964,IT,web
502,72,new,0.4385,0.3751,-0.019,DE,web
503,284,new,0.3836,0.4425,-1.1511,IT,mobile
504,338,considering,0.2599,0.635,-0.2512,ES,web
505,68,new,0.3277,0.5656,-0.3132,FR,mobile
506,213,new,0.7044,0.5714,0.0105,IT,web
507,114,new,0.2913,0.5662,-0.0999,IT,app
508,125,new,0.3722,0.9391,-0.8829,IT,web
509,168,new,0.2708,0.4153,-0.628,FR,app
510,281,new,0.6448,0.3961,-0.5324,DE,web
511,178,new,0.384,0.4678,0.0086,DE,mobile
512,201,new,0.7465,0.6071,-0.1189,IT,web
513,108,new,0.3693,0.7127,-0.4673,IT,mobile
514,244,new,0.3222,0.154,-0.1994,ES,web
515,145,new,0.7913,0.79,-0.6203,FR,web
516,1,new,0.3589,0.3646,0.4674,IT,mobile
517,86,new,0.172,0.5487,-0.049,IT,web
518,26,new,0.484,0.341,0.0252,IT,app
519,226,new,0.9825,0.1188,0.2319,IT,mobile
520,221,new,0.7106,0.6313,0.1057,FR,web
521,312,new,0.2006,0.6974,-0.239,NL,app
522,70,browser,0.3173,0.9573,-0.3147,IT,web
523,234,new,1.014,0.2167,0.2009,IT,app
524,251,new,0.3641,0.0713,-0.2407,IT,web
525,242,new,0.4536,0.3756,-0.5122,IT,mobile
526,137,new,0.3044,0.2963,0.4383,IT,app
527,200,new,0.2223,0.1198,-0.5776,IT,web
528,23,new,1.7937,0.77,-0.8571,IT,mobile
529,296,browser,0.1983,0.8371,0.0975,FR,web
530,143,new,0.2367,0.02,-0.5059,ES,mobile
531,35,new,0.4826,0.74,-0.0977,ES,web
532,160,new,0.5152,0.5844,0.386,IT,web
533,43,browser,0.3901,0.7202,-0.7312,IT,web
534,260,new,0.5981,0.2794,-0.2643,IT,mobile
535,157,new,0.2389,0.585,0.2692,IT,app
536,82,new,0.1847,0.8139,-0.0113,IT,app
537,143,new,0.2882,0.4017,-0.3129,IT,mobile
538,120,considering,0.6797,0.2674,0.5863,NL,app
539,33,new,1.2699,0.8061,-0.2834,NL,app
540,20,new,0.1458,0.7874,-0.1111,FR,mobile
541,72,new,0.4787,0.4067,0.3273,ES,web
542,105,browser,0.225,0.583,0.0933,ES,mobile
543,73,new,0.2577,0.6744,0.2126,ES,web
544,121,new,0.7016,0.6997,-0.5648,ES,app
545,60,new,0.1107,0.6409,0.1799,IT,mobile
546,175,browser,0.4393,0.8773,-0.1906,NL,web
547,33,new,0.4384,0.3868,-0.511,FR,app
548,88,browser,0.2345,0.5768,-0.1723,IT,web
549,10,new,0.2877,0.3162,-0.1834,IT,app
550,146,new,0.7201,0.7318,0.4038,FR,app
551,69,new,1.0829,0.7198,-0.1165,DE,mobile
552,12,new,0.6607,1.15,-0.5233,IT,mobile
553,19,new,1.0379,0.8047,-0.604,IT,web
554,302,new,0.2515,0.6796,-0.2666,IT,mobile
555,127,new,0.1543,0.6659,-0.7212,IT,app
556,333,new,0.3574,0.563,-0.5004,IT,web
557,71,new,0.5727,0.6435,-0.3355,IT,web
558,91,new,0.3612,0.6697,-0.3977,IT,web
559,117,new,0.6792,0.2663,0.0044,IT,mobile
560,147,new,0.2349,0.6554,-0.5082,FR,mobile
561,357,new,0.4476,0.2279,-1.1145,IT,web
562,166,new,0.4169,0.9357,-0.84,IT,web
563,101,new,0.2402,0.5963,-0.2562,IT,app
564,292,new,0.4061,0.4822,-0.4554,FR,web
565,114,new,0.196,0.6683,-0.6828,IT,web
566,116,new,0.291,0.6334,0.4355,IT,web
567,162,new,0.1835,0.5965,0.0401,IT,mobile
568,250,new,0.3387,0.3898,-0.2704,IT,web
569,51,new,0.2369,0.5919,-0.1683,NL,web
570,86,new,0.5378,0.5157,-0.3428,IT,mobile
571,333,new,0.3626,0.581,-0.6888,IT,web
572,208,new,0.3247,0.7518,0.1108,IT,app
573,128,new,0.9728,0.4986,0.048,IT,app
574,88,new,0.4542,0.5802,-0.9421,FR,mobile
575,146,browser,0.3004,0.7174,-0.1707,FR,mobile
576,89,new,0.2669,0.5715,-0.1321,DE,web
577,248,new,0.1921,1.0897,-0.3626,IT,mobile
578,8,browser,0.3548,0.6648,0.484,IT,web
579,107,new,0.4357,0.3965,0.4461,NL,mobile
580,216,browser,0.342,0.4689,-0.3821,IT,web
581,174,new,0.1737,0.4508,-0.328,DE,mobile
582,225,new,0.277,0.4715,-0.3691,ES,web
583,7,new,0.2011,0.7167,-0.464,IT,mobile
584,79,new,0.3767,0.4208,-0.5723,NL,web
585,50,new,0.4066,0.5604,-0.0726,IT,web
586,16,new,0.3439,0.8257,0.4365,ES,mobile
587,177,new,0.4979,0.5264,0.2925,IT,mobile
588,349,new,0.2667,0.2077,0.0262,IT,app
589,232,new,0.3587,0.3171,-1.0925,IT,web
590,230,new,0.2119,0.3558,-0.9026,IT,web
591,269,new,0.4302,0.4605,0.1225,NL,mobile
592,167,new,0.3836,0.2498,0.3168,IT,web
593,147,new,0.1903,0.4337,-0.0562,IT,app
594,233,new,0.3378,0.9925,-0.357,IT,web
595,86,new,0.3603,0.3249,0.2233,FR,app
596,348,new,0.4294,0.8244,0.0138,IT,mobile
597,94,new,0.4382,0.7781,0.1481,IT,web
598,170,new,0.2474,0.6758,-0.8998,FR,mobile
599,97,new,0.5599,0.6298,-0.1298,FR,mobile
600,85,new,0.4905,0.9539,0.3711,NL,mobile
601,281,new,0.247,1.0648,-0.0654,DE,web
602,137,browser,0.1962,0.5827,0.0819,IT,mobile
603,300,new,0.2576,0.6484,-0.2373,FR,mobile
604,86,browser,0.1638,0.5206,-0.2129,IT,mobile
605,243,browser,1.0049,0.4095,0.2409,IT,mobile
606,17,new,0.7054,0.7034,-0.4844,IT,app
607,259,browser,0.804,0.6649,-0.5187,IT,mobile
608,75,new,0.2021,0.3302,-0.4174,IT,mobile
609,41,new,0.5671,0.7021,-0.2418,IT,web
610,98,new,0.3854,0.671,-0.8135,ES,web
611,85,new,0.0985,0.5118,0.0059,NL,web
612,83,new,0.3064,0.5,-0.3075,IT,mobile
613,164,new,0.2882,0.6963,0.0488,IT,mobile
614,234,new,0.716,0.9096,-0.9917,IT,web
615,220,new,0.2279,0.6917,0.0501,IT,mobile
616,206,new,0.5014,0.7605,0.2179,NL,web
617,5,new,0.6897,0.4702,-0.0965,IT,web
618,226,new,0.1661,0.5454,-0.2395,IT,web
619,114,new,0.2715,0.7294,0.0528,IT,mobile
620,275,new,0.8542,0.3755,0.195,IT,web
621,149,new,0.3344,0.6573,-0.067,IT,web
622,118,new,0.6055,0.7088,-0.0408,NL,mobile
623,114,new,1.3846,0.6131,0.3299,FR,mobile
624,193,new,0.2875,0.1645,0.0164,IT,mobile
625,8,new,0.1816,0.6304,-0.5301,FR,web
626,76,new,0.1952,0.508,0.1933,DE,web
627,62,new,0.8174,0.4079,-0.2933,IT,web
628,329,new,1.0544,0.6037,-0.2384,FR,web
629,93,new,0.1418,0.8548,-0.2126,ES,mobile
630,56,browser,1.8059,0.8044,0.0891,FR,mobile
631,64,new,0.1377,0.5578,0.3621,IT,app
632,104,browser,0.2335,0.5541,-0.2415,FR,app
633,99,new,0.3847,0.2347,0.3559,FR,web
634,178,new,1.4714,0.5409,-0.1924,FR,web
635,148,new,0.5763,0.6718,0.2408,IT,app
636,92,new,0.2822,0.8103,-0.1805,IT,web
637,19,new,0.3737,1.0273,-0.4223,FR,mobile
638,255,new,0.6101,0.4706,0.4227,ES,mobile
639,128,new,0.8041,0.7372,-0.4558,NL,mobile
640,92,new,0.321,0.7176,-0.4792,IT,web
641,200,new,0.3262,0.5606,-0.6896,IT,web
642,281,new,0.233,0.4353,0.1935,FR,web
643,68,new,0.5304,0.6696,0.2762,FR,web
644,205,new,0.6468,1.0016,-0.1194,IT,web
645,127,new,0.1267,0.6684,-0.5944,FR,mobile
646,210,new,0.2957,0.4783,-0.2524,IT,mobile
647,9,new,0.1887,0.5917,-0.3559,IT,web
648,100,new,0.3997,0.4248,-0.6107,IT,web
649,280,new,0.1862,0.6233,-0.4211,IT,app
650,49,new,0.178,0.743,-0.073,ES,web
651,141,new,0.6825,0.4953,-0.4618,IT,web
652,197,new,0.3359,0.05,-0.1479,DE,mobile
653,73,new,1.054,0.6698,-0.8717,IT,web
654,135,new,0.4665,0.5297,0.3377,FR,web
655,267,new,0.6275,0.4849,-0.387,IT,web
656,286,new,0.2922,0.4833,0.0546,IT,app
657,119,new,0.2958,0.692,-0.184,IT,mobile
658,31,new,0.2965,0.5466,-0.1091,NL,mobile
659,81,new,0.6669,0.7875,-0.6462,NL,app
660,4,new,0.3543,0.7914,-0.5162,IT,mobile
661,122,new,0.3135,0.5713,-0.5082,IT,web
662,62,new,0.4561,0.5262,-0.2411,IT,mobile
663,141,new,1.0072,0.643,0.2142,IT,mobile
664,26,new,0.3832,0.5938,-0.0984,IT,web
665,215,new,0.3172,0.3045,-0.5651,NL,mobile
666,186,new,1.0711,0.9645,-0.2194,ES,web
667,99,new,0.7644,0.7486,-0.2782,IT,web
668,35,new,0.7059,0.5366,-0.3728,NL,web
669,52,new,0.2793,0.2751,-0.2554,FR,web
670,3,new,0.2645,0.5875,0.0173,IT,app
671,174,new,0.1342,0.5142,-0.502,FR,mobile
672,68,new,0.6254,0.6091,-0.3711,IT,web
673,51,new,0.3838,0.2305,0.0937,IT,mobile
674,110,new,0.1366,0.535,-0.0859,IT,app
675,156,new,0.7125,0.546,0.1977,IT,mobile
676,92,new,0.3056,0.2822,0.2525,IT,mobile
677,139,new,0.327,0.5775,-0.7262,DE,mobile
678,35,new,0.1601,0.6294,-0.1491,IT,web
679,340,new,1.2145,0.8938,-0.4278,IT,mobile
680,245,new,0.4848,0.5273,-0.6696,NL,mobile
681,57,new,0.3583,0.456,-0.5262,NL,app
682,227,new,0.2923,0.3091,-0.3553,FR,app
683,65,new,1.5598,0.528,-0.3531,FR,app
684,42,new,0.1898,0.3678,-0.4624,NL,web
685,215,new,0.2474,0.7928,-0.2548,FR,app
686,108,new,0.5431,0.6027,0.6063,IT,mobile
687,166,new,0.2106,0.7891,-0.8538,IT,web
688,150,new,0.2022,0.8838,0.148,IT,app
689,151,new,0.6855,0.4643,-0.2564,IT,app
690,133,new,0.5132,0.5575,-0.4033,IT,mobile
691,184,browser,0.4801,0.8597,-0.9564,IT,web
692,268,browser,0.4066,0.6541,0.017,IT,web
693,314,new,0.2514,0.7139,-0.7543,IT,app
694,145,new,0.7771,0.8059,0.0398,IT,app
695,120,new,0.3522,0.7814,0.3595,IT,web
696,330,new,0.5859,0.6939,-0.699,ES,web
697,306,new,0.465,0.8713,0.1589,IT,mobile
698,100,new,0.2208,0.6077,-0.2411,IT,web
699,213,new,0.5679,0.7135,-0.983,IT,mobile
700,126,new,0.1461,0.181,-0.6717,FR,app
701,111,new,0.3084,0.8037,-0.1876,DE,web
702,49,new,0.1963,0.4939,-0.1096,IT,mobile
703,84,new,0.2296,0.3171,-0.8032,DE,mobile
704,27,new,1.0614,0.7379,-0.2389,DE,web
705,145,new,0.1638,0.4364,0.0382,NL,mobile
706,341,browser,0.4329,0.4185,0.0995,DE,mobile
707,131,new,0.4871,0.8477,-0.3945,IT,mobile
708,297,new,0.2841,0.7939,-0.0965,IT,mobile
709,35,new,0.4007,0.5583,0.1254,IT,app
710,309,new,0.8076,0.0718,0.0484,IT,web
711,109,new,0.5273,0.716,0.062,IT,app
712,65,considering,0.6515,0.2156,-0.2103,NL,mobile
713,155,new,0.3418,0.713,-0.2831,IT,web
714,255,new,0.4925,0.7048,-0.1548,IT,web
715,48,new,0.5217,0.5873,-0.5173,NL,web
716,88,browser,0.3721,0.5461,0.1392,IT,mobile
717,145,new,0.4486,0.4209,-0.7856,IT,app
718,219,new,0.4488,0.4945,-0.4265,IT,mobile
719,162,new,0.3497,0.6779,-0.2627,IT,web
720,12,new,0.2637,0.6808,-0.0856,IT,web
721,319,new,0.5535,0.7622,-0.0199,IT,mobile
722,197,new,0.4319,0.3668,0.2711,ES,app
723,70,new,0.1171,0.3213,-0.2228,IT,mobile
724,219,new,0.2336,0.5517,-0.5013,FR,web
725,122,new,0.2824,0.4364,-0.3008,IT,web
726,225,new,0.3294,0.6535,-0.3618,IT,web
727,337,new,0.7133,0.3842,-0.068,IT,mobile
728,262,browser,2.141,0.8324,-0.6234,FR,web
729,130,browser,0.0951,0.472,-0.3114,ES,web
730,25,new,0.4349,0.9067,0.3179,IT,app
731,47,new,1.2131,0.7144,-0.1871,ES,mobile
732,139,browser,0.3331,0.4301,-0.6185,IT,app
733,228,new,0.4959,0.9971,-0.3689,DE,mobile
734,56,new,0.3995,0.6678,-1.0315,NL,web
735,202,new,0.3016,0.6499,-0.2706,IT,web
736,247,new,0.3738,0.6083,0.3267,IT,mobile
737,227,new,0.4996,0.2663,-0.6653,IT,mobile
738,45,new,0.4742,0.7146,-0.7596,FR,mobile
739,92,new,0.4081,0.4643,-0.4786,IT,app
740,174,new,0.2669,0.1779,0.0725,IT,mobile
741,261,new,1.7342,0.6408,0.3466,DE,mobile
742,141,browser,0.4483,0.7249,-0.0931,IT,web
743,250,new,0.5595,0.7279,-0.7001,DE,web
744,114,new,0.2782,0.6496,-0.2578,IT,mobile
745,324,new,0.4083,0.5209,0.3763,DE,web
746,42,new,0.4065,0.5117,-0.3588,FR,app
747,146,new,0.1285,0.4055,-0.2008,IT,mobile
748,133,new,0.248,0.7267,-0.1658,IT,web
749,31,new,0.2455,0.5091,-0.7911,IT,mobile
750,121,new,0.2644,0.5855,0.0993,ES,mobile
751,292,new,0.2042,0.6628,0.0488,IT,web
752,70,new,0.3769,0.6207,-0.9477,NL,mobile
753,216,browser,0.7934,0.619,-0.7157,FR,mobile
754,104,new,0.3953,0.169,-0.5894,NL,mobile
755,132,new,0.1921,0.6684,0.0119,IT,web
756,146,new,0.2087,0.5637,-0.5129,IT,mobile
757,163,new,0.299,0.6044,-0.1095,IT,mobile
758,104,new,0.1689,0.8284,-0.3136,IT,web
759,58,new,0.4349,0.711,-0.2251,IT,web
760,72,new,0.7743,0.2189,-0.0764,IT,mobile
761,42,new,0.268,0.5932,-0.1547,ES,web
762,337,new,0.3836,0.9079,-0.2566,IT,app
763,188,new,0.2906,0.5647,-0.1355,IT,web
764,62,new,0.2602,0.6272,-0.1741,IT,mobile
765,170,new,0.4083,0.7395,-0.3234,FR,app
766,22,new,0.2554,0.6587,-0.4009,FR,web
767,168,new,0.2358,0.5529,0.4082,ES,mobile
768,302,new,0.151,0.4862,-0.4049,IT,web
769,116,new,0.3812,0.6182,0.2284,IT,mobile
770,48,browser,0.6616,0.7384,-0.4898,ES,app
771,63,new,0.5428,0.8578,0.0336,IT,app
772,212,new,0.8358,0.3562,0.3743,IT,mobile
773,191,new,0.2539,0.9373,-0.3681,NL,app
774,27,new,0.5874,0.3719,-0.4836,IT,app
775,119,new,0.2006,0.7865,-0.4002,IT,web
776,68,browser,0.5434,0.4872,-0.2568,IT,app
777,86,new,0.9087,0.33,-0.1373,DE,web
778,136,new,0.4839,0.3837,-0.264,IT,app
779,270,new,0.9176,0.5604,-0.397,NL,app
780,316,new,0.2647,0.7143,0.4341,DE,mobile
781,23,new,0.3417,0.6256,-0.3202,FR,web
782,107,new,0.6308,0.575,-0.467,IT,app
783,98,new,0.9505,0.8212,0.0407,IT,web
784,342,new,0.4267,0.6204,0.0463,DE,mobile
785,76,new,0.3732,0.6704,0.2444,NL,mobile
786,102,new,0.2834,1.15,0.4248,DE,web
787,285,new,0.2809,0.2991,-0.1288,NL,web
788,110,new,0.4448,0.4947,-0.3509,ES,web
789,8,new,0.337,0.7066,-0.9158,IT,app
790,293,new,0.1952,0.7521,-0.5782,IT,app
791,182,new,0.1296,0.6742,-0.177,IT,app
792,140,new,0.2651,0.6482,-0.6633,IT,mobile
793,172,new,0.172,0.8868,-0.8048,IT,mobile
794,210,new,0.2323,0.8643,-0.227,IT,mobile
795,91,new,0.2915,0.5989,0.0219,IT,mobile
796,173,new,0.3395,0.5042,-0.3363,IT,app
797,140,new,0.255,0.6973,0.0639,ES,web
798,63,new,1.2277,0.5031,-0.0342,ES,app
799,271,new,0.1839,0.7793,0.1522,IT,app
800,118,new,0.7154,0.6963,0.5107,FR,mobile
801,139,new,0.3364,0.179,0.6649,IT,app
802,80,new,0.2562,0.8852,0.0061,IT,app
803,218,new,0.5082,0.4258,-0.4109,IT,web
804,363,browser,0.2868,0.5266,-0.2284,IT,web
805,72,new,0.236,0.2755,0.3006,ES,mobile
806,356,browser,0.9845,0.2352,-0.5626,FR,app
807,11,new,0.11,0.6405,0.2567,IT,web
808,193,new,0.3215,0.4054,-0.3095,DE,mobile
809,60,new,1.2282,0.9154,-0.1705,IT,mobile
810,295,new,0.798,0.8284,-0.5327,IT,mobile
811,172,new,0.2955,0.5711,-0.7133,DE,web
812,129,new,1.5897,0.5609,-0.3476,FR,web
813,250,new,1.0233,0.8874,0.2061,IT,app
814,310,new,0.3142,0.9286,-0.4957,ES,web
815,79,new,0.1654,0.4521,0.3144,IT,mobile
816,114,new,0.4191,0.429,-0.4505,FR,mobile
817,60,browser,0.1961,0.5658,-0.6239,ES,app
818,95,new,0.4972,0.6976,-0.1612,IT,app
819,75,new,0.2866,0.5275,-0.0123,IT,app
820,116,new,0.1906,0.7014,-0.1842,NL,mobile
821,100,new,0.2164,0.9711,-0.1972,IT,web
822,232,new,0.5878,0.3669,0.311,DE,web
823,68,new,0.1209,0.5398,-0.2168,IT,mobile
824,84,new,0.6537,0.3703,-0.4146,IT,web
825,22,new,0.6643,0.4694,-0.6465,IT,web
826,112,new,0.3066,0.567,0.1958,ES,web
827,105,new,0.1699,0.4891,-0.399,IT,web
828,259,new,0.4994,0.7136,-0.3648,IT,mobile
829,148,new,0.2815,0.6472,0.1182,IT,app
830,66,new,0.1599,0.3069,0.469,FR,web
831,103,new,1.0513,0.5648,-0.162,IT,web
832,10,new,0.2262,0.5814,-0.2979,IT,mobile
833,33,browser,0.1637,0.5569,-0.252,IT,web
834,193,browser,0.4303,0.5752,-0.4094,IT,app
835,258,new,0.3544,0.6954,-0.3745,IT,mobile
836,95,new,0.8331,0.2738,-0.3727,IT,web
837,256,new,0.2984,0.6718,0.0688,FR,mobile
838,329,new,0.3001,0.4636,-0.2809,NL,mobile
839,330,browser,0.4424,0.559,0.2258,IT,mobile
840,92,new,0.4105,0.3389,-0.2907,IT,web
841,179,new,0.4175,0.5554,-0.3785,NL,web
842,149,new,0.4272,0.67,0.1973,IT,web
843,97,new,0.4027,0.7023,-0.2425,IT,mobile
844,88,new,0.2926,0.2209,-0.2943,ES,web
845,240,new,0.5816,0.6936,-0.2383,IT,web
846,88,browser,0.3018,0.8252,0.2633,IT,mobile
847,103,new,0.5726,0.5311,-0.1429,DE,mobile
848,65,new,0.7892,0.2545,0.1873,IT,web
849,75,new,0.2534,0.2477,-0.3321,ES,app
850,313,browser,1.3805,0.2454,0.1313,IT,mobile
851,294,new,0.2486,0.6687,-0.1668,IT,app
852,52,new,0.2496,0.792,0.0589,DE,web
853,117,new,0.4951,0.5121,0.0883,DE,mobile
854,315,new,0.469,1.1005,-0.5796,DE,mobile
855,123,new,0.3827,0.6765,-0.2248,IT,mobile
856,78,new,0.577,0.3908,0.085,DE,web
857,176,new,0.4227,0.8517,0.1408,IT,web
858,336,new,1.1459,0.3945,0.1887,ES,app
859,161,new,0.3573,0.6791,-0.2133,ES,app
860,30,new,0.2299,0.4527,0.2891,IT,web
861,94,new,0.2716,0.3757,-0.48,IT,web
862,135,new,1.3251,0.7932,-0.7732,FR,web
863,74,new,0.4806,0.5732,-0.3472,DE,mobile
864,212,new,0.7495,0.9306,0.1685,IT,web
865,69,new,0.2306,0.4368,-0.6302,IT,mobile
866,85,new,0.6769,0.3393,-0.7645,ES,web
867,142,new,2.976,0.5337,-0.8522,IT,mobile
868,87,new,0.3738,1.1403,0.0076,IT,app
869,130,new,0.9958,0.7701,-0.7567,IT,web
870,37,new,0.5924,0.7197,-0.0578,IT,app
871,50,new,1.2464,0.02,-0.3648,IT,app
872,267,new,0.4771,0.5327,-0.5197,NL,mobile
873,113,new,0.3966,1.1113,-0.5996,DE,web
874,347,new,0.5847,0.7025,-0.1778,IT,mobile
875,124,new,0.2898,0.6856,-0.514,IT,web
876,19,new,0.4602,0.7973,-0.2517,ES,app
877,97,new,0.7648,0.3908,-0.1095,IT,mobile
878,160,considering,0.5774,0.4617,-0.0356,FR,app
879,285,new,0.3617,0.5758,0.077,IT,mobile
880,101,new,0.4107,0.7984,-0.1923,ES,web
881,277,new,0.5581,0.3864,-0.6175,IT,mobile
882,66,new,0.548,0.6079,-0.087,DE,app
883,272,new,0.5557,0.02,-0.0203,FR,web
884,169,new,0.4434,0.3366,-0.3135,IT,web
885,101,new,0.2338,0.2427,-0.3508,NL,app
886,11,new,0.2552,0.7176,0.6163,IT,web
887,69,browser,0.4741,0.353,-0.7026,IT,app
888,177,new,1.1138,0.874,-0.0772,FR,web
889,103,new,0.5412,0.7042,0.1161,ES,app
890,118,browser,0.2538,0.6823,-0.3694,IT,mobile
891,193,new,0.3385,0.6215,-0.309,IT,web
892,35,browser,0.1928,0.4234,-0.3905,IT,web
893,319,new,0.1711,0.5031,-0.2499,IT,web
894,112,new,0.3847,0.6851,0.0648,IT,mobile
895,80,browser,0.7765,0.5027,-0.3194,IT,web
896,236,new,0.3886,0.654,0.8387,IT,web
897,133,new,2.8321,0.4582,-0.4085,ES,mobile
898,105,new,0.3361,0.7013,0.2321,FR,app
899,62,new,0.3743,0.7147,-0.0596,NL,web
900,65,new,0.4738,0.327,-0.212,IT,mobile
901,83,browser,0.3039,0.6321,0.2648,IT,app
902,198,new,0.4009,0.3461,-0.81,IT,mobile
903,227,browser,0.1572,0.285,-0.1012,IT,app
904,274,new,0.193,0.5131,-0.5007,IT,mobile
905,351,new,0.3855,1.1234,-0.4026,IT,mobile
906,137,new,0.6573,0.7596,-0.4191,FR,app
907,105,new,0.2795,0.8706,-0.5873,NL,web
908,172,new,0.4609,0.7295,-0.8284,IT,mobile
909,1,new,0.1569,0.657,-0.1139,IT,mobile
910,76,browser,0.3846,0.7812,-0.2731,FR,web
911,152,new,0.5865,0.5049,-0.3552,FR,mobile
912,304,new,0.6151,0.7047,0.0157,IT,mobile
913,49,browser,0.4888,0.1347,-0.0918,ES,web
914,124,browser,0.3575,0.7459,-0.3434,IT,mobile
915,251,new,0.261,0.0561,0.8178,ES,web
916,192,new,0.3516,0.1378,0.1063,FR,web
917,238,new,0.9134,0.3125,0.6057,IT,mobile
918,65,new,0.4275,0.5825,-0.3952,IT,web
919,64,new,0.3469,0.2558,-0.1626,ES,mobile
920,105,new,0.5016,0.7232,-0.6834,ES,web
921,90,new,0.3781,0.5509,-0.3657,DE,app
922,135,new,0.4165,0.4078,-0.4544,IT,app
923,225,new,0.3212,0.4746,0.7984,FR,web
924,130,new,0.2928,0.4473,-0.4924,FR,web
925,254,new,0.6362,0.604,-0.3319,ES,web
926,347,new,0.1258,0.3907,-0.7588,IT,web
927,126,new,0.4787,0.8527,-0.0632,IT,mobile
928,94,new,0.283,0.6399,-0.5651,IT,mobile
929,61,new,0.129,0.6326,0.0715,IT,mobile
930,188,new,0.2152,0.4102,-0.8759,IT,app
931,165,new,0.3607,0.4816,-0.2926,IT,app
932,272,new,0.389,0.2203,-0.896,NL,mobile
933,140,new,0.5527,0.9112,-0.4217,FR,mobile
934,132,new,0.5737,0.3648,-0.3505,DE,mobile
935,358,new,0.1571,0.3785,-0.4597,NL,mobile
936,76,new,0.4528,0.8744,-0.4251,FR,web
937,119,new,0.5492,0.6898,0.0899,IT,web
938,350,new,0.415,0.6417,0.5111,IT,web
939,208,new,0.485,0.6812,-0.1312,FR,web
940,122,browser,0.1271,0.7917,-0.551,DE,mobile
941,59,new,0.2134,0.638,-0.2276,DE,mobile
942,17,new,0.7798,0.3422,-0.374,IT,web
943,359,new,0.3154,0.752,0.0613,FR,app
944,172,new,1.2495,0.696,-0.1492,IT,web
945,54,loyal,0.1821,0.2972,-0.8022,IT,app
946,87,new,2.0933,0.3952,0.1343,IT,web
947,118,new,0.2629,0.4887,0.0884,IT,web
948,71,new,0.5912,0.6906,0.2733,IT,web
949,94,new,0.3127,0.45,-0.4308,FR,web
950,20,new,0.392,0.1965,-0.1447,IT,web
951,126,new,0.5105,0.6555,-0.6647,DE,mobile
952,299,new,0.2625,0.7811,-0.2679,IT,web
953,227,new,0.5716,0.5968,-0.1111,IT,web
954,13,new,0.3178,0.7187,-0.4726,IT,web
955,26,new,0.4057,0.6926,-0.1302,IT,mobile
956,339,considering,0.1623,0.6219,-0.1912,IT,mobile
957,235,new,0.3056,0.2653,-0.4074,IT,web
958,15,new,0.7371,0.8628,0.2391,IT,web
959,334,new,0.5391,0.4464,-0.3321,IT,mobile
960,192,new,0.5991,0.7591,-0.2035,IT,mobile
961,126,new,0.3788,0.4074,-0.7634,IT,mobile
962,26,new,0.9249,0.4769,-0.0683,IT,mobile
963,5,new,1.2724,0.8353,-0.4169,IT,web
964,318,new,0.2559,0.4022,0.085,IT,mobile
965,300,new,0.5888,0.5765,-0.7089,FR,mobile
966,125,new,0.6111,1.045,-0.0993,IT,mobile
967,105,new,0.5201,0.8046,-1.0137,ES,web
968,216,new,0.2948,0.4873,-0.0344,DE,mobile
969,63,new,0.4295,0.5182,-0.3112,IT,mobile
970,13,new,0.7916,0.5894,-0.1102,DE,mobile
971,80,new,0.4784,0.8562,-0.4601,FR,mobile
972,226,new,0.1632,0.4397,-0.5823,FR,mobile
973,146,new,0.2603,0.4288,-0.4021,DE,web
974,205,new,0.5513,0.1281,-0.1828,IT,web
975,160,browser,0.243,0.3174,-0.0482,IT,web
976,73,new,0.1152,0.456,-0.1437,IT,mobile
977,108,considering,1.0406,0.6047,-0.5779,ES,mobile
978,230,new,0.2272,0.6139,0.3932,IT,mobile
979,159,new,0.2364,0.3744,-0.1335,IT,mobile
980,38,new,0.1264,0.6837,-0.4678,NL,mobile
981,225,new,0.5925,0.7197,-0.1015,IT,mobile
982,363,new,0.3499,0.5008,-0.1604,IT,web
983,143,new,0.3033,0.2977,-0.3114,IT,web
984,189,new,0.3123,0.6811,-0.3525,ES,web
985,277,new,0.5083,0.4391,0.0947,IT,mobile
986,63,new,0.2825,0.2786,0.3547,IT,web
987,48,new,0.1232,0.5258,-0.9626,NL,web
988,48,browser,0.1808,0.6522,0.1807,IT,web
989,149,new,0.1757,0.5324,-0.243,IT,mobile
990,262,new,0.428,0.7323,-0.1672,ES,app
991,359,new,0.6136,0.5333,0.2231,IT,app
992,358,new,0.8238,0.5442,-1.1792,IT,web
993,168,new,0.399,0.5912,0.0352,IT,mobile
994,159,new,0.5174,0.2083,0.1989,FR,web
995,157,new,0.6959,0.8129,-0.491,IT,app
996,96,new,1.8366,0.3936,-0.7379,FR,web
997,14,new,0.7874,0.6133,0.324,DE,web
998,128,new,0.938,0.6361,-0.8647,ES,mobile
999,33,new,0.572,0.5976,-0.1035,IT,mobile
1000,206,new,0.4539,0.7943,0.1081,DE,app
1001,93,new,0.2948,0.3493,-0.1112,IT,web
1002,35,new,0.2646,0.2259,-0.0524,IT,app
1003,137,new,0.2369,0.3959,-0.3428,IT,web
1004,200,new,0.5167,0.5284,-0.088,IT,web
1005,358,new,0.8678,0.3774,-0.498,NL,mobile
1006,43,new,0.3023,0.2992,-0.4526,IT,mobile
1007,266,new,0.2473,0.5159,-0.2376,IT,app
1008,243,new,0.1627,0.9149,-0.7889,IT,mobile
1009,101,new,0.4209,0.6634,-0.048,IT,mobile
1010,122,new,0.7233,0.6992,-1.1183,DE,web
1011,189,new,0.7435,0.4206,-0.123,IT,app
1012,149,new,0.7852,0.7532,-0.0901,DE,mobile
1013,205,new,0.4623,0.9149,-0.5281,IT,mobile
1014,245,new,0.3866,0.7766,-0.6819,DE,app
1015,160,new,1.399,0.3838,-0.3929,DE,web
1016,47,new,0.1998,0.5365,-0.0261,IT,app
1017,12,browser,0.2887,0.6395,-0.129,DE,mobile
1018,77,new,0.9427,0.5161,-0.639,IT,app
1019,207,new,0.2037,1.0759,-0.213,IT,mobile
1020,96,new,0.361,0.5332,-0.1583,IT,mobile
1021,357,new,0.5206,0.6122,-0.1732,IT,mobile
1022,19,new,0.385,0.512,-0.5953,NL,mobile
1023,124,new,2.2126,0.6617,-0.1955,FR,web
1024,209,new,0.8514,0.8688,0.0712,IT,mobile
1025,99,new,0.4789,0.6407,-0.0621,NL,mobile
1026,176,new,0.7902,0.5806,-0.106,IT,app
1027,220,new,0.2207,0.4267,0.3249,IT,app
1028,278,new,0.3373,0.8376,-0.1913,DE,web
1029,61,new,1.3811,0.5941,-0.5447,IT,web
1030,263,browser,2.5991,0.5864,-0.5436,DE,web
1031,37,new,0.1823,0.199,-0.1884,IT,mobile
1032,160,new,0.3653,0.5971,-0.7531,IT,app
1033,191,new,0.8276,0.5478,-0.3588,IT,mobile
1034,26,new,0.4626,0.2913,-0.0875,IT,app
1035,48,new,1.7877,0.7981,0.1599,IT,mobile
1036,91,new,1.0116,0.5237,-0.7904,IT,mobile
1037,100,browser,0.993,0.9612,-0.2153,IT,app
1038,67,new,0.6819,0.8746,-0.2739,FR,web
1039,260,new,0.5255,0.4904,-0.2369,IT,mobile
1040,101,new,0.3636,0.8665,-0.2005,IT,web
1041,59,new,0.1446,0.9099,-0.2611,IT,web
1042,253,browser,0.6441,0.5194,0.2373,IT,mobile
1043,72,browser,0.5132,0.4341,0.1854,IT,web
1044,64,new,0.4558,0.232,0.5002,IT,mobile
1045,12,new,0.2144,0.6885,-0.2537,IT,web
1046,259,new,1.0806,0.4448,-0.3937,NL,web
1047,120,new,0.4001,0.6939,-0.5887,IT,web
1048,153,new,0.1964,0.1451,-0.4318,IT,app
1049,330,new,0.1797,0.4796,1e-04,FR,mobile
1050,39,browser,0.534,0.5189,0.054,IT,app
1051,186,new,0.5428,0.386,-0.0136,IT,mobile
1052,236,new,0.2852,0.5188,-0.4826,IT,web
1053,107,new,0.4745,0.3288,-0.4807,IT,mobile
1054,243,new,0.5311,0.6175,0.4348,DE,web
1055,165,new,0.3973,0.6388,-0.5412,IT,web
1056,38,new,0.2501,0.4272,0.2458,DE,mobile
1057,342,new,0.6242,0.8181,-0.1084,IT,mobile
1058,231,browser,0.5832,0.5913,-0.5064,FR,app
1059,305,new,0.5027,0.8904,-0.6646,IT,web
1060,80,browser,0.2326,0.6634,-0.4911,DE,mobile
1061,197,considering,0.1769,0.6324,-0.1038,IT,mobile
1062,42,browser,0.3837,0.5316,-0.5684,IT,mobile
1063,95,new,0.6134,0.2765,0.294,IT,app
1064,103,browser,0.6519,0.626,-0.3228,NL,mobile
1065,160,new,0.9154,0.7745,-0.0048,IT,web
1066,41,new,0.2872,0.9088,-0.0331,IT,app
1067,81,considering,0.2364,0.4892,0.3177,NL,mobile
1068,105,new,0.3645,0.7304,-0.4033,DE,app
1069,217,considering,0.3664,0.7253,-0.2129,ES,mobile
1070,112,new,0.6764,0.7025,-0.7405,IT,app
1071,189,new,0.2826,0.2202,-0.2139,IT,web
1072,131,new,0.2958,0.5457,0.149,NL,mobile
1073,135,browser,1.1391,0.5149,-0.1732,IT,web
1074,258,new,0.8634,0.5113,0.5594,FR,mobile
1075,281,new,0.2264,0.4688,-0.0681,ES,app
1076,121,new,0.8252,0.6012,-0.4391,NL,mobile
1077,25,new,0.1985,0.4836,-0.0905,IT,mobile
1078,47,new,0.2898,0.6984,-0.7622,IT,web
1079,90,new,0.3085,0.6303,-0.5296,FR,web
1080,122,new,0.3525,0.6504,-0.676,NL,mobile
1081,78,new,0.5173,0.5708,-0.2444,DE,mobile
1082,254,new,0.3901,0.6324,-0.2712,IT,web
1083,153,new,0.5159,0.3731,0.1718,IT,mobile
1084,53,considering,0.2949,0.7603,-0.2847,FR,mobile
1085,246,new,0.452,0.5404,-0.6009,ES,web
1086,250,browser,0.3842,0.6876,0.2958,IT,web
1087,186,browser,0.1714,0.3849,-1.2806,IT,web
1088,207,new,0.4798,0.7482,-0.2365,IT,mobile
1089,176,new,0.3878,0.5193,-0.1738,IT,app
1090,21,new,0.2484,0.0906,-0.2536,IT,mobile
1091,269,new,0.2912,0.415,-0.075,NL,web
1092,110,new,0.2952,0.4008,-0.2113,ES,app
1093,242,new,0.3215,0.5333,-0.0751,IT,web
1094,284,new,0.968,0.8898,-0.4608,ES,mobile
1095,276,new,1.1614,0.5042,-0.7607,IT,mobile
1096,39,new,0.0821,0.2223,-0.2662,FR,app
1097,101,new,1.0683,0.6858,-0.6093,DE,mobile
1098,209,new,0.622,0.4194,-0.505,IT,web
1099,243,new,0.3267,0.7667,0.1565,NL,web
1100,158,browser,0.6129,0.5442,0.2953,IT,web
1101,154,new,0.9137,0.5707,0.1499,FR,web
1102,195,new,0.173,0.174,0.0851,DE,web
1103,161,new,0.396,0.7312,-0.229,FR,mobile
1104,80,new,1.0792,0.1518,0.1054,IT,app
1105,348,new,0.1862,0.4221,-0.1255,IT,web
1106,66,new,0.3453,0.299,0.4316,IT,mobile
1107,251,browser,0.2875,1.0886,-0.5713,IT,app
1108,20,new,0.6561,0.4647,-0.0146,IT,mobile
1109,208,new,0.7084,0.2558,-0.6925,IT,mobile
1110,193,new,0.4022,0.5242,-0.0126,IT,mobile
1111,106,new,0.3745,0.4256,-0.8517,IT,mobile
1112,296,new,0.1429,0.6239,-0.6747,IT,mobile
1113,46,new,0.8046,0.5612,-0.6989,FR,app
1114,160,new,0.3029,0.7643,-0.1618,IT,web
1115,141,new,0.3402,0.7666,-0.1259,ES,web
1116,96,new,0.6277,0.5138,0.6077,FR,mobile
1117,96,new,0.4101,0.3608,-0.282,IT,web
1118,244,new,1.6299,0.4045,0.0204,IT,web
1119,14,new,0.5127,0.2092,-0.1937,FR,web
1120,206,new,0.4115,0.5706,-0.0089,IT,mobile
1121,225,new,0.4364,0.6179,-0.1997,IT,mobile
1122,27,new,0.1984,0.4143,0.1349,DE,app
1123,168,new,0.3389,0.3925,-0.6184,DE,web
1124,87,new,0.6678,0.6171,-1.1066,IT,mobile
1125,27,new,0.2244,0.5062,-0.1039,IT,web
1126,122,new,0.2482,0.5817,-0.8818,DE,web
1127,194,new,0.6287,0.5539,0.2091,IT,mobile
1128,89,new,0.4003,0.3382,-0.4418,FR,web
1129,289,new,0.7956,0.5182,-0.6134,IT,mobile
1130,240,browser,0.4971,0.532,0.6952,IT,mobile
1131,133,new,0.1111,0.1217,-0.2565,IT,mobile
1132,151,new,0.5256,0.6109,-0.3235,DE,mobile
1133,46,new,0.6458,0.636,0.0118,IT,app
1134,232,browser,0.4868,0.588,0.0354,NL,web
1135,168,new,0.3388,0.9641,0.1487,FR,app
1136,214,considering,0.2292,0.6493,-0.7165,FR,web
1137,55,new,0.3537,0.5918,-0.0624,DE,mobile
1138,287,new,0.2886,0.7098,-0.3526,IT,app
1139,292,new,0.4357,1.0003,-0.5724,IT,web
1140,25,new,0.226,0.6655,-0.2332,IT,app
1141,158,new,0.1982,0.2198,-0.8839,IT,mobile
1142,140,new,0.5503,0.6978,0.073,IT,app
1143,189,new,0.677,0.55,-0.3517,FR,web
1144,31,new,0.5061,0.274,-0.4171,DE,mobile
1145,86,new,0.2575,0.9256,-0.2982,IT,web
1146,124,new,0.2449,0.8867,-0.3086,IT,web
1147,265,new,0.2527,0.4571,0.1492,ES,mobile
1148,183,new,0.6003,0.4582,-0.6335,FR,mobile
1149,61,new,0.2337,0.1537,-0.3838,NL,mobile
1150,7,new,0.5982,0.4607,-0.3258,IT,mobile
1151,1,new,0.5222,0.5957,-0.6228,IT,app
1152,81,new,0.7267,0.4916,-0.1942,DE,mobile
1153,158,new,0.6602,0.5479,-0.5034,IT,web
1154,141,new,0.4958,0.2561,-0.7415,FR,mobile
1155,102,browser,0.164,0.7688,-0.0658,IT,mobile
1156,304,new,0.5146,0.8367,0.2915,IT,web
1157,162,new,0.392,0.2203,-0.2331,ES,mobile
1158,260,new,0.2996,0.6135,-0.2861,FR,web
1159,4,new,0.7782,0.7332,-0.2936,IT,mobile
1160,223,new,0.3385,0.6203,-0.4306,DE,web
1161,181,new,0.2749,0.9313,0.1595,DE,mobile
1162,96,new,0.6827,0.3831,-0.2171,FR,mobile
1163,134,new,0.2944,0.2246,-1.0125,NL,app
1164,93,new,0.2675,0.5994,0.1696,DE,mobile
1165,86,new,0.1979,0.4182,0.0838,FR,app
1166,105,new,0.2343,1.0245,-0.0394,IT,mobile
1167,253,new,0.2456,1.0493,-1.2144,DE,web
1168,6,new,0.5177,0.5826,-0.251,NL,web
1169,96,new,0.21,0.7001,0.0627,ES,web
1170,138,new,0.1324,0.1408,-0.1172,IT,web
1171,278,new,0.4346,0.3268,-0.1782,IT,mobile
1172,4,browser,0.2596,0.4162,0.0634,FR,web
1173,159,new,0.3646,0.3896,-0.2012,NL,app
1174,125,new,0.7448,0.1346,0.1713,IT,web
1175,43,browser,0.3826,0.0431,-0.1934,NL,web
1176,57,new,0.8439,0.6291,-0.2212,IT,mobile
1177,175,new,0.3543,0.4741,0.0623,IT,app
1178,252,new,0.6401,0.6542,-0.3895,DE,app
1179,247,new,0.2722,0.3493,-0.634,NL,app
1180,182,loyal,0.3903,0.4807,-0.2487,IT,app
1181,189,new,0.2202,0.1078,-0.0434,NL,web
1182,162,new,0.2351,0.8527,0.0739,DE,mobile
1183,23,new,0.3251,0.3227,0.0758,DE,web
1184,183,new,0.1772,0.4077,-0.274,DE,app
1185,120,new,0.4016,0.2514,-0.31,IT,web
1186,136,new,0.3114,0.3645,-0.4572,IT,mobile
1187,169,new,0.4185,0.5373,-0.1625,IT,web
1188,139,new,0.1787,0.796,-0.8244,IT,app
1189,15,new,0.5412,0.58,-0.242,IT,web
1190,52,new,0.9358,0.5461,0.7474,IT,app
1191,70,new,0.8333,0.674,-0.7764,IT,app
1192,255,new,2.4797,0.5403,-0.1951,ES,web
1193,185,new,0.7944,1.0538,-0.1178,IT,mobile
1194,176,considering,0.3031,0.5136,-0.0727,IT,web
1195,110,considering,0.481,0.6945,-0.5883,IT,mobile
1196,195,new,0.3227,0.7688,-0.0695,IT,web
1197,177,new,0.3122,0.345,-0.4371,ES,mobile
1198,151,new,0.5773,0.02,-0.7497,DE,web
1199,249,browser,0.3234,0.5298,0.0832,FR,mobile
1200,121,new,0.1641,0.6693,-0.0174,FR,mobile
